,movieCd,movieNm,star_score,star_user_count
0,20070316.0,디워,9.24,"9,210"
1,20122021.0,트랜스포머: 사라진 시대,6.18,"3,556"
2,20110659.0,트랜스포머 3,9.49,"1,803"
3,20090303.0,트랜스포머: 패자의 역습,7.72,"2,603"
4,20070061.0,트랜스포머,9.17,"1,210"
5,20070209.0,화려한 휴가,8.45,"1,743"
6,20070057.0,캐리비안의 해적: 세상의 끝에서,9.76,"2,664"
7,20070063.0,해리 포터와 불사조 기사단,9.22,"1,703"
8,20070060.0,다이 하드 4 : 죽어도 산다,9.13,455
9,20070015.0,그놈 목소리,9.18,800
10,20090926.0,식객2 : 김치전쟁,8.60,271
11,20070435.0,식객,8.97,658
12,20147247.0,300: 제국의 부활,8.48,280
13,20070033.0,300,8.95,487
14,20060387.0,미녀는 괴로워,8.16,883
15,20100321.0,섹시한 미녀는 괴로워,4.33,3
16,20070116.0,슈렉3,9.18,330
17,20070014.0,1번가의 기적,8.45,300
18,20070550.0,나는 전설이다,9.51,493
19,20143261.0,해적왕의 황금나침반,9.09,23
20,20070551.0,황금 나침반,8.98,310
21,20070434.0,바르게 살자,9.22,200
22,20070104.0,극락도 살인사건,8.81,266
23,20070466.0,세븐 데이즈,9.62,16
24,20134561.0,세븐데이즈,6.61,119
25,20090340.0,걸어도 걸어도,9.60,5
26,20162583.0,불륜관계,7.31,13
27,20070422.0,본 얼티메이텀,9.48,482
28,20070585.0,어거스트 러쉬,9.38,508
29,20060319.0,박물관이 살아있다!,9.18,358
30,20070582.0,"색, 계",8.61,88
31,20060421.0,바람피기 좋은 날,7.22,140
32,20070637.0,색즉시공 시즌2,6.63,199
33,20070115.0,밀양,8.47,227
34,20070421.0,권순분여사 납치사건,8.16,276
35,20070020.0,복면달호,7.90,828
36,20060407.0,마파도2,6.78,165
37,20070058.0,오션스 써틴,8.50,124
38,20070497.0,궁녀,0.00,0
39,20070205.0,검은 집,5.33,3
40,20070089.0,만남의 광장,7.79,145
41,20070380.0,즐거운 인생,8.33,6
42,20070549.0,내셔널 트레져:비밀의 책,9.06,157
43,20070128.0,황진이,5.33,6
44,20060417.0,최강로맨스,7.29,476
45,20070151.0,못말리는 결혼,8.22,159
46,20070084.0,이장과 군수,9.14,205
47,20140704.0,비밀은 없다,8.71,184
48,20155748.0,행복까지 30일,9.83,23
49,20090076.0,나는 행복합니다,8.33,24
50,20070034.0,그 여자 작사 그 남자 작곡,9.53,105
51,20070367.0,지금 사랑하는 사람과 살고 있습니까?,7.15,136
52,20070264.0,라따뚜이,8.71,313
53,20070521.0,베오울프,8.01,136
54,20070083.0,향수 : 어느 살인자의 이야기,9.17,29
55,20070072.0,우아한 세계,9.09,239
56,20070021.0,김관장 대 김관장 대 김관장,7.18,255
57,20060345.0,에라곤,7.92,230
58,20070381.0,마이 파더,7.95,397
59,20060357.0,조폭마누라3,5.85,306
60,20070383.0,상사부일체,3.37,692
61,20070306.0,스타더스트,6.71,7
62,20090329.0,내 사랑 내 곁에,9.74,931
63,20030435.0,내사랑 싸가지,3.83,36
64,19590001.0,히로시마 내사랑,0.00,0
65,20070352.0,러시 아워 3,9.81,262
66,20135769.0,극장판 슈타인즈 게이트: 부하영역의 데자뷰,9.45,449
67,20060390.0,데자뷰,10.0,3
68,20060423.0,드림걸즈,9.08,101
69,20070379.0,두 얼굴의 여친,8.14,338
70,20070103.0,리핑 10개의 재앙,8.51,72
71,20070262.0,기담,7.69,187
72,20100286.0,귀 鬼,7.91,23
73,20161407.0,리턴 투 센더,7.61,313
74,20060430.0,행복을 찾아서,9.34,149
75,20070059.0,판타스틱 4: 실버 서퍼의 위협,7.42,273
76,20070294.0,디스터비아,8.95,120
77,20070250.0,해부학 교실,7.67,212
78,20101281.0,일루셔니스트,10.0,13
79,20060405.0,데스노트 : 라스트 네임,8.57,822
80,20149847.0,에일리언 인베이젼,5.20,5
81,20119707.0,월드 인베이젼,8.70,377
82,20070424.0,인베이젼,8.38,85
83,20070640.0,용의주도 미스신,9.08,291
84,20070520.0,레지던트 이블 3 - 인류의 멸망,9.18,522
85,20070097.0,동갑내기 과외하기 레슨 2,6.69,354
86,20070113.0,더블타겟,10.0,5
87,20060425.0,사랑방 선수와 어머니,5.08,290
88,20159059.0,앨빈과 슈퍼밴드: 악동 어드벤처,9.57,286
89,20070562.0,앨빈과 슈퍼밴드,9.42,129
90,20113311.0,앨빈과 슈퍼밴드3,9.67,144
91,20090861.0,앨빈과 슈퍼밴드2,9.61,242
92,20070254.0,샴,0.00,0
93,20070586.0,마고리엄의 장난감 백화점,8.79,150
94,20060422.0,비밀의 숲 테라비시아,8.91,80
95,20070462.0,내니 다이어리,9.18,57
96,20051193.0,미친 섹스,6.59,41
97,20144003.0,넥스트 투모로우 2,3.46,13
98,20143590.0,넥스트 제네레이션 패트레이버4,4.22,23
99,20140148.0,넥스트 제네레이션 패트레이버 3,2.20,10
100,20147950.0,유아 넥스트,7.94,377
101,20060408.0,천년여우 여우비,8.85,436
102,20070111.0,아들,10.0,2
103,20150020.0,사울의 아들,9.07,42
104,19910095.0,장군의 아들 2,10.0,1
105,19900042.0,장군의 아들,0.00,0
106,20060413.0,블러드 다이아몬드,8.47,77
107,20070107.0,내 생애 최악의 남자,5.66,151
108,20070071.0,넘버23,9.28,173
109,20070110.0,날아라 허동구,8.72,97
110,20070374.0,사랑의 레시피,8.67,30
111,20130254.0,우리동네 포르노스타,0.00,0
112,20072520.0,우리 동네,9.21,236
113,20110312.0,미확인 동영상 : 절대클릭금지,8.52,565
114,20060397.0,클릭,9.50,28
115,20113890.0,고스트 라이더 : 복수의 화신,8.61,147
116,20070088.0,고스트 라이더,7.64,126
117,20060230.0,전설의 고향,7.02,200
118,20070610.0,싸움,7.62,378
119,20070545.0,열한번째 엄마,8.66,145
120,20060420.0,쏜다,8.03,110
121,20070635.0,헤어스프레이,10.0,2
122,20060409.0,미스 포터,9.40,73
123,20060375.0,샬롯의 거미줄,9.17,18
124,20070042.0,좋지 아니한가,8.87,137
125,20070023.0,어깨 너머의 연인,7.43,46
126,20070504.0,스카우트,0.00,0
127,20071060.0,걸스카우트,8.15,39
128,20060391.0,묵공,8.59,295
129,20060396.0,올드미스다이어리,9.00,378
130,20070117.0,서핑 업,9.29,41
131,20070457.0,카핑 베토벤,9.03,77
132,20070096.0,눈부신 날에,8.86,132
133,20060389.0,오래된 정원,8.83,77
134,20070593.0,쏘우 4,8.67,272
135,20060419.0,아포칼립토,9.05,104
136,20070317.0,1408,8.72,140
137,20070025.0,한니발 라이징,8.84,110
138,20070092.0,메신져 - 죽은자들의 경고,7.98,52
139,20150385.0,닌자터틀 : 어둠의 히어로,9.16,454
140,20151111.0,빌리와 용감한 녀석들: 치킨 히어로,9.55,143
141,20080379.0,포비든 킹덤: 전설의 마스터를 찾아서,9.47,254
142,20070261.0,에반 올마이티,8.86,196
143,20070234.0,디센트,8.19,59
144,20100763.0,디센트: Part 2,6.70,84
145,20060282.0,브레이크 업 : 이별후애(愛),8.75,28
146,20070305.0,두 사람이다,9.04,141
147,20070064.0,"심슨가족, 더무비",9.54,490
148,20070010.0,마강호텔,5.71,118
149,20070456.0,비커밍 제인,9.31,68
150,20070642.0,아메리칸 갱스터,9.63,65
151,20070108.0,철없는 그녀의 아찔한 연애코치,8.00,23
152,20070454.0,원스,9.44,117
153,20080011.0,원스어폰어타임,8.02,146
154,20080975.0,원스 어폰 어 타임 인 아메리카,8.00,17
155,20080973.0,옛날 옛적 서부에서,8.93,146
156,20147881.0,일대고수,1.00,1
157,20070013.0,아버지의 깃발,8.88,184
158,20060358.0,007 카지노 로얄,7.20,134
159,20060398.0,록키 발보아,9.47,268
160,20070124.0,닌자거북이 TMNT,9.10,68
161,20070029.0,블랙북,9.00,30
162,20080034.0,잠수종과 나비,9.90,10
163,20070474.0,더 버터플라이,8.05,20
164,20070348.0,죽어도 해피엔딩,7.59,92
165,20070643.0,헨젤과 그레텔,8.40,10
166,20070641.0,가면,10.0,2
167,20154806.0,가면무도회,0.00,0
168,20060370.0,중천,7.62,"1,049"
169,20070555.0,골든 에이지,9.06,52
170,20070303.0,조디악,9.17,6
171,20122843.0,차이니즈 조디악,7.46,551
172,20070047.0,뷰티풀 선데이,8.57,72
173,20070257.0,므이,7.57,115
174,20153385.0,히트맨: 에이전트 47,8.47,259
175,20148615.0,히트맨 NO.2 : 살인면허,3.29,14
176,19990163.0,이연걸의 히트맨,0.00,0
177,20060403.0,언니가 간다,5.62,120
178,20070449.0,브레이브 원,0.00,0
179,20070543.0,로스트 라이온즈,9.48,48
180,20070208.0,택시 4,7.89,70
181,20060348.0,로맨틱 홀리데이,9.02,86
182,20070085.0,미스터 빈의 홀리데이,9.16,147
183,20070099.0,천년학,8.25,60
184,20070370.0,라파예트,9.48,66
185,20070499.0,마이클 클레이튼,8.35,23
186,20070102.0,빼꼼의 머그잔 여행,10.0,16
187,20070358.0,어머니는 죽지 않는다,7.54,28
188,20070391.0,미스터 브룩스,8.24,33
189,20070148.0,쉬즈 더 맨,8.49,59
190,20070465.0,블랙 달리아,9.58,81
191,20070037.0,페인티드 베일,9.50,20
192,20113911.0,해피 피트 2,9.74,70
193,20060318.0,해피 피트,9.43,76
194,20070091.0,마을금고 연쇄습격사건,7.81,43
195,20070173.0,눈물이 주룩주룩,8.62,116
196,20070268.0,파워레인저매직포스&트레저포스,6.25,69
197,20070522.0,라 비앙 로즈,9.00,24
198,20070055.0,로빈슨 가족,10.0,1
199,20070293.0,꽃미남 연쇄 테러 사건,4.74,"3,529"
200,20070453.0,아드레날린24,7.27,66
201,20070041.0,텍사스 전기톱 연쇄살인사건 : 0,7.32,28
202,20149248.0,선샤인 온 리스,8.55,220
203,20156353.0,설지,8.00,20
204,20050082.0,이터널 선샤인,9.39,133
205,20149397.0,할리데이,9.06,50
206,20080747.0,라라 선샤인,8.18,11
207,20070355.0,데쓰 프루프,8.48,52
208,20070049.0,굿셰퍼드,9.20,25
209,20070204.0,뜨거운녀석들,8.97,36
210,20070130.0,내일의 기억,8.85,20
211,20070100.0,상성: 상처받은 도시,8.94,32
212,20070028.0,더 퀸,9.28,57
213,20070393.0,브라보 마이 라이프,8.47,62
214,20070192.0,데스워터,6.64,104
215,20070353.0,"다만, 널 사랑하고 있어",9.29,219
216,20070008.0,스쿠프,8.76,42
217,20060418.0,"사랑해, 파리",9.36,50
218,20070216.0,시간을 달리는 소녀,8.89,75
219,20070420.0,척 앤 래리,9.33,24
220,20070502.0,오다기리 죠의 도쿄타워,5.50,2
221,20070035.0,훌라걸스,9.14,43
222,20070050.0,마하 2.6: 풀스피드,7.75,81
223,20070226.0,"뉴욕에서 온 남자, 파리에서 온 여자",6.22,9
224,20070068.0,타인의 삶,8.85,28
225,20060404.0,허니와 클로버,9.50,142
226,20070179.0,황색 눈물,9.69,123
227,20070044.0,리틀 러너,8.75,28
228,20070309.0,나누와 실라의 대모험,8.92,26
229,20070500.0,펀치레이디,6.87,63
230,20060018.0,빨간모자의 진실,9.20,202
231,20090922.0,빨간모자의 진실 2,7.79,201
232,20060365.0,수면의 과학,9.17,35
233,20070054.0,우리 학교,8.01,146
234,20070040.0,태양의 노래,8.97,192
235,20070602.0,마녀배달부 키키,9.37,39
236,20126581.0,전망 좋은 집,0.00,14
237,20060097.0,룸 투 렌트,9.00,1
238,20060039.0,렌트,9.29,21
239,20070260.0,힛쳐,8.33,3
240,20070202.0,초속5센티미터,9.10,151
241,20070122.0,혐오스런 마츠코의 일생,7.85,66
242,20070661.0,기다리다 미쳐,8.48,170
243,20070463.0,스테이지 뷰티,9.25,4
244,20060263.0,씨노이블,9.45,47
245,20070541.0,첫눈,8.54,251
246,20090823.0,비상,8.89,215
247,20070263.0,리버틴,9.08,52
248,20070215.0,포 미니츠,8.84,19
249,20070105.0,플루토에서 아침을,8.00,1
250,20060402.0,나루토-대흥분! 초승달 섬의 애니멀 소동,7.70,80
251,20070252.0,레이디 채털리,4.50,4
252,20060392.0,미스 리틀 선샤인,8.39,33
253,20070604.0,이브닝,9.17,12
254,20070354.0,펄스,7.52,27
255,20070373.0,브리치,8.79,19
256,20070566.0,마법에 걸린 사랑,9.50,119
257,20148826.0,스틸 라이프,9.07,60
258,20070175.0,마리 앙투아네트,9.31,32
259,20145502.0,남과 여,8.49,261
260,20124350.0,다른나라에서,8.90,21
261,20080046.0,추격자,7.50,6
262,20151803.0,쿵푸팬더3,9.36,222
263,20080653.0,쿵푸 팬더,9.32,403
264,20110511.0,쿵푸팬더 2,9.46,621
265,20081169.0,맘마미아!,8.96,119
266,20081672.0,과속스캔들,8.91,741
267,20080736.0,강철중: 공공의 적 1-1,9.43,229
268,20121621.0,아이언맨 3,9.67,"3,270"
269,20090933.0,아이언맨 2,9.23,722
270,20080396.0,아이언맨,9.09,281
271,20070675.0,인디아나 존스 4 : 크리스탈 해골의 왕국,9.66,369
272,20080996.0,미이라 3:황제의 무덤,8.67,395
273,20112703.0,다크 나이트 라이즈,9.57,"1,806"
274,20081056.0,다크 나이트,9.69,185
275,20070382.0,우리 생애 최고의 순간,9.30,521
276,20081001.0,신기전,8.90,243
277,20149520.0,모스트 원티드 맨,9.00,38
278,20080847.0,원티드,10.0,7
279,20080873.0,핸콕,9.54,200
280,20143642.0,테이큰 3,8.90,422
281,20128447.0,테이큰 2,9.59,291
282,20080337.0,테이큰,9.08,14
283,20081611.0,미인도,7.23,134
284,20081366.0,이글 아이,9.26,145
285,20081484.0,007 퀀텀 오브 솔러스,9.40,77
286,20080968.0,눈에는 눈 이에는 이,8.84,157
287,20081395.0,아내가 결혼했다,7.98,128
288,20080764.0,님은 먼 곳에,9.10,196
289,20080047.0,점퍼,9.32,174
290,20081058.0,고死 : 피의 중간고사,8.69,798
291,20071064.0,무방비도시,10.0,4
292,20080914.0,적벽대전:거대한 전쟁의 시작,7.67,302
293,20071675.0,더 게임,10.0,5
294,20081057.0,월ㆍE,9.26,321
295,20081243.0,영화는 영화다,9.10,186
296,20081723.0,지구가 멈추는 날,8.86,326
297,20100361.0,이클립스,9.42,"1,601"
298,20090828.0,뉴 문,9.45,"1,058"
299,20081697.0,트와일라잇,9.53,377
300,20070563.0,꿀벌대소동,8.97,158
301,20080637.0,서양 골동 양과자점 앤티크,9.36,341
302,20080148.0,"10,000 BC",8.59,79
303,20081686.0,벼랑 위의 포뇨,9.51,376
304,20070548.0,6년째 연애중,8.96,178
305,20113653.0,잃어버린 세계를 찾아서 2: 신비의 섬,9.03,138
306,20081696.0,잃어버린 세계를 찾아서,9.44,161
307,20100285.0,섹스 앤 더 시티 2,8.86,74
308,20080709.0,섹스 앤 더 시티,9.02,40
309,20080149.0,스텝업 2 : 더 스트리트,9.44,115
310,20080291.0,삼국지:용의 부활,8.91,137
311,20080032.0,밴티지 포인트,9.00,55
312,20080830.0,인크레더블 헐크,8.92,157
313,20072151.0,바보,9.39,19
314,19840018.0,바보선언,0.00,0
315,20110162.0,바보야,7.94,16
316,20081673.0,오스트레일리아,9.48,81
317,20072148.0,GP 506,9.35,226
318,20080663.0,크로싱,10.0,11
319,20080226.0,숙명,0.00,0
320,20090641.0,예스맨 프로젝트,8.00,3
321,20081703.0,예스맨,9.44,114
322,20080476.0,스피드 레이서,9.18,11
323,20072686.0,모던보이,9.60,121
324,20080890.0,순정만화,9.24,535
325,20080394.0,비스티 보이즈,9.32,123
326,20080009.0,스위니 토드 : 어느 잔혹한 이발사 이야기,9.76,322
327,20080946.0,님스 아일랜드,8.86,87
328,20080641.0,라스베가스에서만 생길 수 있는 일,9.40,20
329,20080230.0,천일의 스캔들,9.17,23
330,20080038.0,스파이더위크가의 비밀,9.23,123
331,20081244.0,울학교 이티,8.89,140
332,20081535.0,눈먼자들의 도시,9.54,125
333,20080393.0,호튼,8.68,38
334,20080741.0,고고 70,9.05,74
335,20081444.0,바디 오브 라이즈,9.87,46
336,20070660.0,뜨거운 것이 좋아,8.43,7
337,20162065.0,클로버필드 10번지,8.78,403
338,20070672.0,클로버필드,9.03,237
339,20081565.0,뱅크 잡,8.89,28
340,20071067.0,슈퍼맨이었던 사나이,8.70,281
341,20081391.0,미쓰 홍당무,8.22,70
342,20158909.0,미스트리스 아메리카,9.07,15
343,20090858.0,일렉트릭 미스트,2.00,1
344,20124746.0,언더월드 4: 어웨이크닝,9.14,93
345,20080254.0,어웨이크,8.70,30
346,20081716.0,쌍화점,9.13,381
347,20080750.0,달콤한 거짓말,7.99,77
348,20081132.0,아기와 나,9.78,23
349,20081332.0,헬보이 2 : 골든 아미,9.28,113
350,20081002.0,멋진 하루,9.57,55
351,20080013.0,명장,8.50,104
352,20110501.0,삼국지: 명장 관우,8.21,347
353,20080062.0,데스노트 L: 새로운 시작,8.10,"1,233"
354,20080829.0,해프닝,9.45,76
355,20080962.0,극장판 도라에몽:진구의 마계대모험 7인의 마법사,8.64,133
356,20071003.0,P.S. 아이 러브 유,9.93,28
357,20080965.0,CJ7:장강7호,9.12,150
358,20071014.0,엘라의 모험 : 해피엔딩의 위기,9.06,72
359,20081094.0,미드나잇 미트 트레인,8.58,40
360,20080743.0,1724 기방난동사건,7.60,63
361,20080659.0,88분,7.90,21
362,20080349.0,버킷 리스트:죽기전에 꼭 하고싶은것들,9.27,47
363,20080363.0,스트리트 킹,7.50,2
364,20080963.0,스페이스 침스:우주선을 찾아서,8.69,77
365,20080397.0,가루지기,0.00,0
366,20080014.0,마지막 선물,9.41,145
367,20080142.0,마이 뉴 파트너,10.0,1
368,20081623.0,맥스 페인,7.48,63
369,20081390.0,공작부인:세기의 스캔들,9.20,15
370,20080874.0,노크:낯선 자들의 방문,8.73,71
371,20081096.0,엑스파일:나는 믿고싶다,9.62,64
372,20080141.0,27번의 결혼리허설,8.96,23
373,20081334.0,바빌론 A.D.,8.18,40
374,20080514.0,페넬로피,10.0,4
375,20080015.0,라듸오 데이즈,8.81,111
376,20080364.0,킬위드미,9.43,46
377,20071047.0,"대한이, 민국씨",7.89,70
378,20080065.0,어톤먼트,9.92,38
379,20081247.0,방콕 데인저러스,0.00,0
380,20080331.0,도레미파솔라시도,8.67,824
381,20080348.0,연의 황후,8.71,38
382,20081158.0,미러,8.52,44
383,20134073.0,디스커넥트,8.98,448
384,20081618.0,커넥트,7.85,54
385,20081212.0,20세기 소년,8.15,219
386,20090889.0,20세기 소년-제2장: 마지막 희망,7.78,55
387,20080236.0,나의 특별한 사랑이야기,8.73,11
388,20080836.0,겟 스마트,9.62,37
389,20080258.0,댄 인 러브,9.42,31
390,20080024.0,오퍼나지 - 비밀의 계단,9.45,60
391,20081059.0,케로로 더 무비:케로로 VS 케로로 천공대결전,9.43,122
392,20080021.0,찰리윌슨의 전쟁,8.33,24
393,20081172.0,꽃보다 남자,9.94,178
394,20081393.0,데스 레이스,9.11,38
395,20080145.0,마이 블루베리 나이츠,9.20,30
396,20081681.0,쏘우 V,8.07,175
397,20135141.0,화피 2,7.68,153
398,20081446.0,화피,8.72,36
399,20081738.0,니코,8.62,24
400,20122523.0,니코: 산타비행단의 모험,9.54,235
401,20081718.0,로맨틱 아일랜드,9.44,81
402,20081445.0,굿'바이,9.00,4
403,20081276.0,황시,9.23,31
404,20148348.0,슈퍼히어로의 진실,8.22,18
405,20136860.0,극장판 가면라이더 VS 파워레인저 슈퍼히어로 대전,8.22,106
406,20139821.0,슈퍼히어로,7.78,65
407,20080478.0,프라이스리스,9.64,11
408,20080472.0,명탐정 코난:베이커가의 망령,9.40,108
409,20080252.0,데스 디파잉:어느 마술사의 사랑,8.73,11
410,20080654.0,겟 썸,8.76,38
411,20080350.0,내가 숨쉬는 공기,8.38,47
412,20164825.0,에브리바디 원츠 썸!!,9.16,83
413,20141114.0,쿼바디스,9.25,56
414,20088397.0,미스터 노바디,8.20,827
415,20080328.0,미운 오리 새끼의 모험,8.86,7
416,20080078.0,람보 4 : 라스트 블러드,8.61,114
417,20080055.0,워터호스,9.75,40
418,20081173.0,스타워즈 : 클론 전쟁,8.88,49
419,20080146.0,허밍,7.00,6
420,20081361.0,하우 투 루즈 프렌즈,9.85,13
421,20071066.0,말할 수 없는 비밀,9.25,"1,106"
422,20081403.0,그 남자의 책 198쪽,9.71,65
423,20071065.0,써티 데이즈 오브 나이트,8.38,40
424,20080365.0,패솔로지,9.93,15
425,20080837.0,둠스데이:지구 최후의 날,8.43,105
426,20080887.0,비몽,7.50,5
427,20040569.0,디 아이2,5.67,6
428,20155563.0,어린왕자,9.54,230
429,20080008.0,어린 왕자,0.00,0
430,20081136.0,렛 미 인,9.71,39
431,20080878.0,알이씨(Rec),8.36,42
432,20080992.0,100 피트,8.31,26
433,20081263.0,외톨이,8.70,23
434,20081364.0,내 친구의 사생활,8.33,9
435,20080017.0,에반게리온 : 서(序),9.27,265
436,20081519.0,너를 잊지 않을 거야,9.57,97
437,20081363.0,더 클럽,7.22,9
438,20080105.0,집결호,7.61,69
439,20081213.0,미스 페티그루의 어느 특별한 하루,10.0,10
440,20080661.0,위 오운 더 나잇,8.56,9
441,20081170.0,썸머 솔스티스,8.07,15
442,20081331.0,동키호테,9.50,10
443,20081744.0,볼트,9.72,109
444,20040793.0,"제니, 주노",3.30,"1,014"
445,20080054.0,주노,7.18,45
446,20080834.0,당신이 잠든 사이에,10.0,3
447,20080071.0,노인을 위한 나라는 없다,8.90,40
448,20080079.0,사랑보다 황금,7.71,7
449,20072673.0,흑심모녀,7.21,33
450,20081386.0,언더 더 쎄임 문,8.45,11
451,20050086.0,사과,6.50,2
452,20165201.0,언더 워터,8.64,64
453,20150258.0,홀리워킹데이,9.55,20
454,20080088.0,쿵푸 덩크,8.62,61
455,20080228.0,어메이징 그레이스,0.00,0
456,20080516.0,서울이 보이냐,9.88,33
457,20080029.0,3:10 투 유마,9.53,36
458,20081168.0,스마트 피플,9.12,25
459,20081621.0,와인 미라클,8.20,5
460,20081092.0,누들,8.95,19
461,20080828.0,도화선,9.08,59
462,20081392.0,구구는 고양이다,9.96,27
463,20080329.0,식코,9.29,69
464,20080513.0,갓파 쿠와 여름방학을,9.38,89
465,20080289.0,비투스,8.64,12
466,20081552.0,피아노의 숲,9.49,79
467,20080656.0,날나리 종부전,7.06,89
468,20081620.0,"연공:안녕, 사랑하는 모든 것",8.94,84
469,20080848.0,돼지코 아기공룡 임피의 모험,8.62,16
470,20080225.0,브레이브 스토리,9.48,27
471,20070291.0,무림여대생,6.53,104
472,20070638.0,더 시크릿,7.42,45
473,20080994.0,소림소녀,6.67,139
474,20081333.0,인 블룸,3.00,1
475,20080227.0,아임 낫 데어,9.90,63
476,20080728.0,남주기 아까운 그녀,8.67,3
477,20070686.0,MR. 후아유,9.00,4
478,20080845.0,크로우즈 제로,9.04,114
479,20080080.0,연을 쫓는 아이,10.0,7
480,20080026.0,어크로스 더 유니버스,8.50,18
481,20080030.0,"화성아이, 지구아빠",9.21,28
482,20080877.0,플래닛 테러,8.23,26
483,20070203.0,방울토마토,9.64,42
484,20081453.0,이스턴 프라미스,9.38,13
485,20081627.0,매직 아워,9.10,10
486,20080223.0,내겐 너무 사랑스러운 그녀,9.62,8
487,20080875.0,카운터페이터,10.0,4
488,20080256.0,어웨이 프롬 허,9.00,2
489,20090412.0,명탐정 코난 : 칠흑의 추적자,9.89,"1,330"
490,20147909.0,추적자,9.00,3
491,20126306.0,장고:분노의 추적자,8.23,456
492,20081129.0,텐텐,1.00,1
493,20081452.0,더 폴: 오디어스와 환상의 문,9.17,13
494,20080143.0,데어 윌 비 블러드,9.40,11
495,20080253.0,그레이시 스토리,5.78,9
496,20072687.0,경축! 우리사랑,4.83,6
497,20080395.0,할람 포,8.89,9
498,20081567.0,맨데이트: 신이 주신 임무,5.72,50
499,20080517.0,페르세폴리스,8.33,6
500,20080995.0,마을에 부는 산들바람,9.57,24
501,20081518.0,마이 쎄시 걸,7.27,11
502,20080677.0,우린 액션배우다,8.00,9
503,20090074.0,해운대,7.72,"1,235"
504,20090307.0,국가대표,8.14,926
505,20125527.0,코알라,9.28,193
506,20122222.0,더 헌트,8.77,192
507,20127526.0,러시안 소설,9.50,54
508,20111031.0,돼지의 왕,8.18,38
509,20090834.0,아바타,8.74,"1,447"
510,20148168.0,아바타 정글의 비밀,4.11,74
511,20090238.0,터미네이터 : 미래전쟁의 시작,8.91,781
512,20090297.0,거북이 달린다,9.01,128
513,20149269.0,아이 킬드 마이 마더,8.33,114
514,20150831.0,세컨드 마더,9.21,67
515,20140093.0,마더 데레사의 편지,8.36,39
516,20130821.0,투 마더스,8.11,393
517,20090379.0,해리 포터와 혼혈 왕자,9.58,"2,201"
518,20081727.0,워낭소리,9.29,361
519,20090015.0,적벽대전 2 : 최후의 결전,9.05,284
520,20090427.0,지.아이.조 : 전쟁의 서막,8.83,246
521,20090605.0,굿모닝 프레지던트,8.83,224
522,20090077.0,전우치,8.86,985
523,20153801.0,"안녕, 전우치! 도술로봇대결전",9.02,231
524,20081003.0,박쥐,9.00,22
525,20090282.0,박물관이 살아있다 2,9.56,308
526,20090234.0,천사와 악마,9.30,234
527,20090484.0,애자,9.26,186
528,20090156.0,그림자 살인,6.00,421
529,20071013.0,작전명 발키리,9.27,194
530,20090024.0,벤자민 버튼의 시간은 거꾸로 간다,9.21,282
531,20090308.0,불꽃처럼 나비처럼,8.35,276
532,20090014.0,유감스러운 도시,6.52,259
533,20150566.0,극장판 꼬마버스 타요의 에이스 구출작전,9.70,292
534,20163201.0,바다 탐험대 옥토넛 시즌4: 아슬아슬 구조대작전,9.75,8
535,20090023.0,작전,9.20,153
536,20161976.0,22분: 아덴만 구출작전,4.00,2
537,20090678.0,닌자 어쌔신,9.06,"1,279"
538,20090590.0,청담보살,8.91,182
539,20090222.0,엑스맨 탄생: 울버린,9.07,203
540,20090336.0,킹콩을 들다,8.54,218
541,20081791.0,마다가스카 2,9.46,148
542,20090225.0,인사동 스캔들,9.01,137
543,20112621.0,셜록홈즈 : 그림자 게임,9.24,279
544,20090856.0,셜록 홈즈,8.85,278
545,20090161.0,슬럼독 밀리어네어,9.62,64
546,20090235.0,스타 트렉: 더 비기닝,9.05,124
547,20090206.0,노잉,8.99,172
548,20162299.0,시크릿 인 데어 아이즈,7.40,89
549,20149270.0,테레즈 라캥,9.29,28
550,20152402.0,업사이드 다운,5.58,79
551,20090305.0,백야행,8.72,212
552,20081809.0,트랜스포터-라스트 미션,9.35,162
553,20090012.0,그는 당신에게 반하지 않았다,8.62,71
554,20090408.0,아이스 에이지 3: 공룡시대,9.59,123
555,20153316.0,블랙가스펠2: 소울을 찾는 여정가운데 만난 사람들,7.71,7
556,20156188.0,블랙스톤,9.00,4
557,20157781.0,우먼 인 블랙: 죽음의 천사,6.55,75
558,20090579.0,디스트릭트 9,8.87,341
559,20090826.0,모범시민,9.39,124
560,20090554.0,써로게이트,9.14,50
561,20090664.0,시간 여행자의 아내,9.55,238
562,20090237.0,김씨표류기,8.89,258
563,20090157.0,푸시,8.69,101
564,20090085.0,슬픔보다 더 슬픈 이야기,7.76,180
565,20090176.0,분노의 질주: 더 오리지널,9.65,115
566,20090195.0,몬스터 vs 에이리언,9.03,75
567,20090327.0,여고괴담 5,7.77,224
568,20090562.0,정승필 실종사건,8.70,74
569,20155761.0,명탐정 코난 : 코난 실종사건 - 사상 최악의 이틀,9.49,287
570,20090528.0,페임,9.21,63
571,20090042.0,핸드폰,0.00,0
572,20090815.0,홍길동의 후예,8.40,168
573,20090043.0,왓치맨,9.43,120
574,20090019.0,잉크하트 : 어둠의 부활,9.29,116
575,20090510.0,이태원 살인사건,8.82,129
576,20090018.0,체인질링,8.95,44
577,20090862.0,여배우들,8.00,207
578,20135941.0,아메리카파이: 19금 여배우들,2.33,6
579,20090210.0,13구역: 얼티메이텀,9.68,87
580,20090455.0,오펀: 천사의 비밀,9.19,70
581,20112049.0,퍼블릭 에너미 넘버원,8.90,10
582,20090426.0,퍼블릭 에너미,9.66,117
583,20090065.0,더 리더: 책 읽어주는 남자,8.88,25
584,20090319.0,오감도,7.32,160
585,20090044.0,작은 영웅 데스페로,9.38,94
586,20090389.0,10억,8.81,277
587,20090082.0,드래곤볼 에볼루션,5.06,793
588,20090089.0,파르나서스 박사의 상상극장,9.73,441
589,20090025.0,문프린세스 : 문에이커의 비밀,8.91,129
590,20090681.0,크리스마스 캐롤,9.62,229
591,20090287.0,펠햄 123,9.10,39
592,20090578.0,바스터즈: 거친 녀석들,8.98,97
593,20090517.0,처음 본 그녀에게 프로포즈하기,10.0,1
594,20100128.0,프로포즈 데이,9.52,21
595,20090449.0,프로포즈,9.38,16
596,20090092.0,라스트프로포즈,9.42,50
597,20090513.0,어글리 트루스,9.65,26
598,20090459.0,퍼펙트 겟어웨이,9.14,29
599,20090090.0,쇼퍼홀릭,9.45,33
600,20090555.0,게이머,9.50,70
601,20090345.0,주온-원혼의 부활,8.71,108
602,20090557.0,호우시절,9.21,58
603,20090572.0,파이널 데스티네이션 4,8.88,80
604,20090288.0,드래그 미 투 헬,9.07,77
605,20090304.0,요가학원,7.71,150
606,20090434.0,불신지옥,8.20,120
607,20090087.0,뉴욕은 언제나 사랑 중,9.75,115
608,20090063.0,인터내셔널,9.00,16
609,20090026.0,세븐 파운즈,8.19,48
610,20081790.0,디파이언스,7.80,21
611,20090403.0,극장판 도라에몽: 진구의 공룡대탐험,9.34,71
612,20090284.0,코렐라인: 비밀의 문,9.25,85
613,20090193.0,우리 집에 왜 왔니,9.81,624
614,20090083.0,언데드,8.59,29
615,20090226.0,케로로 더 무비: 드래곤 워리어,9.65,91
616,20090580.0,나는 비와 함께 간다,9.58,155
617,20090027.0,말리와 나,9.38,37
618,20040600.0,프레디 대 제이슨-13일의 금요일11,7.50,6
619,20090091.0,13일의 금요일,9.32,98
620,20090462.0,코코 샤넬,9.87,38
621,20111926.0,샤넬과 스트라빈스키,4.00,2
622,20090017.0,베드타임 스토리,8.92,25
623,20090174.0,카오스,8.76,38
624,20090860.0,포켓 몬스터 DP: 아르세우스 초극의 시공으로,9.57,219
625,20090613.0,팬도럼,8.84,31
626,20156564.0,부산행,8.23,"5,085"
627,20141224.0,경성학교: 사라진 소녀들,8.78,228
628,20155388.0,초인,9.33,27
629,20162581.0,"연애의 발동 : 상해 여자, 부산 남자",6.70,20
630,20155390.0,양치기들,9.16,51
631,20155485.0,소녀와 여자,9.80,10
632,20090214.0,스테이트 오브 플레이,8.92,13
633,20090570.0,짱구는 못말려 극장판:태풍을 부르는 노래하는 엉덩이 폭탄,9.50,170
634,20155224.0,더 기프트,8.05,149
635,20090167.0,기프트,8.14,22
636,20111927.0,선물 가게를 지나야 출구,7.89,9
637,20090146.0,펜트하우스 코끼리,7.60,55
638,20090022.0,키친,8.79,154
639,20119599.0,소울 키친,10.0,2
640,20090064.0,그랜 토리노,9.11,58
641,20090445.0,썸머 워즈,9.64,286
642,20090343.0,링스 어드벤처,9.22,55
643,20090667.0,파주,8.69,70
644,20090061.0,블러디 발렌타인,8.76,75
645,20090604.0,마이클 잭슨의 디스 이즈 잇,9.70,210
646,20090035.0,똥파리,8.67,98
647,20090682.0,솔로이스트,8.56,57
648,20090227.0,리틀 비버,9.28,71
649,20090454.0,소피의 연애 매뉴얼,9.23,115
650,20090469.0,마이 시스터즈 키퍼,9.72,32
651,20090556.0,나는 갈매기,9.06,278
652,20090078.0,구세주 2,6.81,81
653,20090511.0,하이 레인,8.63,27
654,20161781.0,엽문3: 최후의 대결,9.48,128
655,20139863.0,엽문4: 종극일전,7.36,165
656,20100311.0,엽문2,9.58,279
657,20090088.0,신부들의 전쟁,9.62,8
658,20140723.0,달에 부는 바람,9.67,3
659,20090875.0,걸프렌즈,7.27,56
660,20090029.0,알파독,7.74,23
661,20090062.0,가필드-마법의 샘물,8.28,18
662,20090501.0,9:나인,9.39,135
663,20090188.0,소명,8.87,15
664,20136742.0,소명 하늘의 별,8.68,22
665,20100158.0,소명 2-모겐족의 월드컵,9.57,21
666,20119990.0,소명 3 : 히말라야의 슈바이처,10.0,18
667,20090801.0,천국의 우편배달부,9.68,647
668,20090529.0,S러버,7.95,19
669,20121864.0,나인뮤지스; 그녀들의 서바이벌,8.43,37
670,20090192.0,용의자 X의 헌신,9.67,207
671,20090485.0,왼편 마지막 집,7.07,28
672,20090599.0,뉴욕 아이 러브 유,9.61,56
673,20090460.0,라르고 윈치,7.58,53
674,20090190.0,미쓰 루시힐,8.62,8
675,20090411.0,메디엄,8.88,17
676,20090428.0,나의 로맨틱 가이드,6.89,9
677,20090333.0,블룸 형제 사기단,8.62,21
678,20090453.0,드림업,9.45,58
679,20130710.0,더 트랩: 난간 끝에 선 남자,7.43,111
680,20090330.0,4교시 추리영역,8.77,221
681,20090203.0,내 남자의 아내도 좋아,6.59,41
682,20090811.0,에반게리온: 파,9.34,200
683,20090068.0,더 레슬러,9.74,34
684,20090028.0,레볼루셔너리 로드,9.59,55
685,20090086.0,킬러들의 도시,7.45,20
686,20090724.0,내 눈에 콩깍지,8.76,75
687,20150458.0,킬 미 달링,9.56,176
688,20081729.0,킬 미,8.85,47
689,20090205.0,더블 스파이,6.33,3
690,20090191.0,안나와 알렉스 : 두자매 이야기,6.75,32
691,20140456.0,에코,8.68,63
692,20132601.0,에코 플래닛 3D : 지구 구출 특급 대작전,9.23,22
693,20147132.0,도노반스 에코,7.00,3
694,20090219.0,제독의 연인,6.70,10
695,20090103.0,부그와 엘리엇 2,8.88,8
696,20081792.0,비카인드 리와인드,9.42,26
697,20090332.0,신주쿠 사건,8.70,50
698,20090189.0,매란방,8.38,8
699,20090079.0,블레임 : 인류멸망 2011,6.00,333
700,20090171.0,번 애프터 리딩,9.00,14
701,20110278.0,토마스와 친구들 - 극장판 3,9.23,48
702,20100332.0,토마스와 친구들 - 극장판 2,10.0,9
703,20090194.0,토마스와 친구들 - 극장판,9.43,7
704,20090261.0,잘 알지도 못하면서,9.22,40
705,20090006.0,탑 블레이드 더 무비,6.18,40
706,20090461.0,언더월드: 라이칸의 반란,7.52,58
707,20090444.0,마법의 세계 녹터나,8.67,21
708,20090314.0,임피 원더랜드 가다,8.58,12
709,20090800.0,19-Nineteen,9.07,396
710,20081810.0,뮤턴트: 다크 에이지,7.50,111
711,20090259.0,옹박: 더 레전드,8.48,65
712,20090265.0,할로윈:살인마의 탄생,6.62,42
713,20081462.0,사랑 후에 남겨진 것들,7.29,7
714,20081454.0,언노운 우먼,9.55,20
715,20090592.0,나루토 질풍전 극장판-불의 의지를 잇는 자,9.76,113
716,20040683.0,스왈로우테일 버터플라이,7.82,12
717,20138162.0,네버다이 버터플라이,9.41,17
718,20090854.0,줄리 & 줄리아,0.00,0
719,20090480.0,그루지 3,4.73,15
720,20070473.0,러브 인 클라우즈,8.50,8
721,20081209.0,낮술,8.04,49
722,20090663.0,컴 아웃 파이팅,9.08,25
723,20090395.0,아부지,9.60,30
724,20090402.0,해피 플라이트,9.00,26
725,20090295.0,쉘 위 키스,9.42,192
726,20090069.0,프로스트 VS 닉슨,8.44,9
727,20090322.0,아스테릭스: 미션 올림픽 게임,7.93,15
728,20080266.0,"지금, 이대로가 좋아요",9.61,28
729,20090236.0,싸이보그 그녀,8.93,151
730,20090318.0,날아라 펭귄,9.56,27
731,20090233.0,초코초코 대작전,9.36,14
732,20090400.0,퀸 락 몬트리올,9.94,72
733,20090488.0,원 위크,10.0,4
734,20060265.0,브레인웨이브,3.00,1
735,20156969.0,스트레인저랜드,8.00,41
736,20156166.0,나를 미치게 하는 여자,8.70,362
737,20090670.0,하늘과 바다,7.34,302
738,20090328.0,여행자,8.58,26
739,20060106.0,나그네와 마술사,10.0,1
740,20080536.0,도쿄 마블 초콜릿,8.27,16
741,20143565.0,부니 베어: 롤라 구출 대모험,9.67,128
742,20090008.0,롤라,9.94,16
743,20090893.0,극장판파워레인저 엔진포스VS 와일드스피릿,8.22,63
744,20090588.0,브로큰 임브레이스,9.00,7
745,20090787.0,마이 마이 신코 이야기,10.0,6
746,20163841.0,플래그 더 문,9.77,114
747,20090810.0,더 문,9.03,121
748,20149591.0,매직 인 더 문라이트,8.82,88
749,20090430.0,미어캣의 모험,9.44,16
750,20090838.0,판타스틱 Mr. 폭스,9.69,13
751,20090344.0,요시노 이발관,9.50,8
752,20090053.0,다우트,8.78,10
753,20090196.0,나의 판타스틱 데뷔작,8.69,17
754,20081460.0,세비지 그레이스,7.00,3
755,20090489.0,벨라,9.52,86
756,20142501.0,아라벨라,10.0,1
757,20140096.0,벨라 키스,8.00,4
758,20060270.0,이사벨라,10.0,2
759,20090296.0,세라핀,7.67,6
760,20090148.0,하이 스쿨 뮤지컬: 졸업반,9.90,349
761,20090574.0,헬로우 마이 러브,9.70,30
762,20090582.0,북극의 눈물,9.54,87
763,20040775.0,키다리 아저씨,9.00,2
764,20100214.0,아저씨,9.10,626
765,20149878.0,행복배달부 팻아저씨,9.67,39
766,20100312.0,인셉션,9.34,596
767,20100209.0,이끼,8.99,673
768,20100296.0,포화속으로,5.60,"3,364"
769,20147728.0,포화속의 우정,9.43,75
770,20090914.0,하모니,9.56,801
771,20090927.0,방자전,8.40,195
772,20100370.0,솔트,8.80,119
773,20100213.0,부당거래,9.50,111
774,20100834.0,시라노; 연애조작단,9.17,547
775,20124717.0,타이탄의 분노,8.59,152
776,20100018.0,타이탄,8.98,240
777,20131248.0,드래곤 길들이기 2,9.75,682
778,20100190.0,드래곤 길들이기,9.05,355
779,20101224.0,해리 포터와 죽음의 성물1,9.44,"2,456"
780,20100188.0,하녀,8.04,186
781,20152264.0,어느 하녀의 일기,8.85,27
782,20100310.0,나잇&데이,8.84,76
783,20100333.0,슈렉 포에버,8.97,239
784,20101010.0,초능력자,9.34,"1,029"
785,20138641.0,더 이클립스,7.82,40
786,20101221.0,쩨쩨한 로맨스,8.71,184
787,20100193.0,페르시아의 왕자: 시간의 모래,9.24,213
788,20090923.0,퍼시 잭슨과 번개 도둑,9.19,468
789,20134381.0,해결사,6.33,3
790,20100301.0,악마를 보았다,8.84,294
791,20090951.0,로빈 후드,9.07,102
792,20100833.0,무적자,7.55,356
793,20101222.0,황해,8.97,463
794,20100377.0,토이 스토리 3,9.58,585
795,20090931.0,구르믈 버서난 달처럼,8.90,198
796,20100767.0,라스트 에어벤더,8.49,525
797,20101223.0,헬로우 고스트,9.15,496
798,20090939.0,육혈포 강도단,8.04,131
799,20100302.0,심야의 F.M.,9.42,151
800,20100811.0,레지던트 이블 4: 끝나지 않은 전쟁 3D,8.97,449
801,20101213.0,나니아 연대기: 새벽 출정호의 항해,9.39,552
802,20090888.0,용서는 없다,8.69,143
803,20100131.0,베스트셀러,8.82,100
804,20070217.0,당신은 나의 베스트셀러,7.00,3
805,20101200.0,김종욱 찾기,9.02,270
806,20100810.0,마루 밑 아리에티,9.65,343
807,20122089.0,슈퍼배드 2,9.09,371
808,20100814.0,슈퍼  배드,9.48,374
809,20100353.0,파괴된 사나이,9.08,319
810,20100103.0,셔터 아일랜드,9.38,111
811,20100835.0,방가? 방가!,7.78,156
812,20090160.0,평행이론,8.49,175
813,20101212.0,투어리스트,9.56,63
814,20143601.0,에이리언 스카이라인,3.75,8
815,20101133.0,스카이 라인,7.37,611
816,20100326.0,고死 두 번째 이야기: 교생실습,8.59,"1,920"
817,20100295.0,A-특공대,9.64,107
818,20090895.0,주유소 습격사건 2,7.50,258
819,20100380.0,마음이2,9.62,462
820,20100256.0,내 깡패 같은 애인,8.78,74
821,20100382.0,스텝 업 3D,9.66,188
822,20133701.0,하늘에서 음식이 내린다면 2,9.55,121
823,20090718.0,하늘에서 음식이 내린다면,8.98,252
824,20126406.0,새미의 어드벤쳐 2,7.79,60
825,20101348.0,새미의 어드벤쳐,8.86,203
826,20090953.0,오션스,7.68,112
827,20048103.0,오션스 트웰브,7.67,12
828,20100378.0,명탐정 코난: 천공의 난파선,9.86,931
829,20101113.0,이층의 악당,9.32,237
830,20090948.0,그린 존,9.80,107
831,20100129.0,반가운 살인자,8.98,149
832,20100975.0,레터스 투 줄리엣,8.46,76
833,20050237.0,미스터 주부퀴즈왕,8.71,93
834,20100813.0,퀴즈왕,8.05,132
835,20100381.0,마법사의 제자,8.86,115
836,20101209.0,라스트 갓파더,8.83,"3,807"
837,20101013.0,소셜 네트워크,9.01,97
838,20121616.0,메가 피라냐,6.44,18
839,20127407.0,피라냐 3DD,5.13,106
840,20100816.0,피라냐,8.04,179
841,20100991.0,먹고 기도하고 사랑하라,8.94,31
842,20101009.0,불량남녀,8.49,102
843,20156907.0,엘사 앤 프레드,9.67,3
844,20100168.0,친정엄마,9.72,258
845,20100977.0,적인걸: 측천무후의 비밀,8.74,57
846,20101070.0,언스토퍼블,9.49,73
847,20162621.0,파라노말 액티비티: 더 고스트 디멘션,7.58,176
848,20090857.0,파라노말 액티비티,7.92,267
849,20129079.0,파라노말 액티비티4,7.22,95
850,20113421.0,파라노말액티비티-도쿄나이트,6.82,11
851,20101015.0,파라노말 액티비티 2,8.66,226
852,20112693.0,파라노말 액티비티 3,8.60,114
853,20101014.0,워리어스 웨이,7.94,400
854,20090821.0,아스트로 보이-아톰의 귀환,8.44,177
855,20149818.0,익스펜더블 3,9.02,386
856,20128143.0,익스펜더블 2,9.61,81
857,20100768.0,익스펜더블,9.64,410
858,20100017.0,공자 춘추전국시대,7.68,131
859,20100101.0,프롬 파리 위드 러브,8.07,60
860,20100165.0,블라인드 사이드,9.66,211
861,20100210.0,맨발의 꿈,9.55,201
862,20100979.0,검우강호,8.11,94
863,20101006.0,가디언의 전설,8.76,102
864,20100292.0,베스트 키드,9.57,151
865,20100794.0,프레데터스,8.94,165
866,20090929.0,울프맨,8.75,56
867,20100962.0,"울지마, 톤즈",8.71,185
868,20100379.0,극장판 도라에몽: 진구의 인어대해전,9.22,112
869,20090950.0,월 스트리트: 머니 네버 슬립스,8.81,42
870,20101226.0,극장판 포켓 몬스터 DP 「환영의 패왕 조로아크」,9.38,305
871,20090894.0,사랑은 너무 복잡해,8.68,22
872,20100769.0,폐가,8.59,392
873,20100077.0,포스 카인드,8.26,192
874,20040677.0,웨일 라이더,0.00,0
875,20147612.0,쓰리데이즈 투 킬,9.34,206
876,20101378.0,쓰리 데이즈,9.40,128
877,20090865.0,러블리 본즈,6.88,171
878,20090952.0,내니맥피 2: 유모와마법소동,9.24,83
879,20147284.0,꼬마 니콜라의 여름방학,9.04,57
880,20090897.0,꼬마 니콜라,9.61,151
881,20090921.0,엣지 오브 다크니스,7.88,56
882,20100098.0,디어 존,8.03,69
883,20100278.0,유령작가,9.00,32
884,20090890.0,아빠가 여자를 좋아해,8.93,149
885,20100176.0,허트 로커,7.39,51
886,20147969.0,온 더 로드,8.57,46
887,20050357.0,"온 더 로드, 투",6.77,30
888,20090864.0,더 로드,9.01,139
889,20090944.0,헤이트 발렌타인데이,7.06,16
890,20100329.0,그랑프리,7.65,225
891,20158942.0,미궁: 비밀애,10.0,2
892,20090943.0,스플라이스,8.73,155
893,20100281.0,김복남 살인사건의 전말,8.93,56
894,20161591.0,럭키 루크: 전설의 무법자,7.40,5
895,20100075.0,무법자,0.00,0
896,20080970.0,황야의 무법자,10.0,5
897,20080972.0,석양의 무법자,10.0,6
898,20100988.0,나를 닮은 얼굴,8.20,5
899,20100027.0,회복,8.32,22
900,20100169.0,킥 애스: 영웅의 탄생,8.63,67
901,20125046.0,크레이지 호스,9.50,2
902,20100012.0,원피스 극장판: 스트롱 월드,9.53,707
903,20100068.0,눈물의 웨딩 드레스,0.00,0
904,19730154.0,눈물의 웨딩드레스,0.00,0
905,20090683.0,500일의 썸머,9.38,109
906,20090932.0,데이브레이커스,7.55,87
907,20101225.0,트론: 새로운 시작,8.95,194
908,20100758.0,오션월드 3D,9.20,41
909,20137788.0,정사 : 두 여자와의 로맨스,6.41,17
910,20101109.0,두 여자,8.17,70
911,20100980.0,22 블렛,8.88,33
912,20127211.0,스트리트 댄스 2: 라틴배틀,7.00,16
913,20100291.0,스트리트댄스,9.10,180
914,20100807.0,뮬란: 전사의 귀환,9.36,261
915,20100116.0,솔로몬 케인,8.89,36
916,20100788.0,마법천자문: 대마왕의 부활을 막아라,7.39,108
917,20100808.0,애프터 라이프,8.18,60
918,20157432.0,007 스펙터,9.19,257
919,20100166.0,케로로 더 무비 5: 기적의 사차원섬,8.73,94
920,20090916.0,8인: 최후의 결사단,8.75,88
921,20101011.0,쏘우 3D,9.20,184
922,20090913.0,들어는 봤니? 모건 부부,8.03,29
923,20101206.0,더 콘서트,9.17,70
924,20100812.0,캣츠 앤 독스 2,9.12,64
925,20100105.0,우리가 꿈꾸는 기적: 인빅터스,8.69,35
926,20100141.0,아마존의 눈물,9.67,203
927,20090850.0,공주와 개구리,9.00,45
928,20139222.0,라스트 엑소시즘: 잠들지 않는 영혼,7.82,461
929,20101140.0,라스트 엑소시즘,7.00,28
930,20100206.0,꿈은 이루어진다,5.93,175
931,20100115.0,대병소장,6.98,475
932,20101007.0,나탈리,8.25,59
933,20100339.0,필립모리스,9.16,99
934,20136738.0,스위치: 부춘산거도,6.29,17
935,20155927.0,와일드 테일즈: 참을 수 없는 순간,8.99,81
936,20100057.0,참을 수 없는,6.00,20
937,20149768.0,그 참을 수 없는 맛,5.40,5
938,20100815.0,센츄리온,5.17,75
939,20010037.0,와이키키 브라더스,6.64,14
940,20090917.0,주문진,9.80,399
941,20100789.0,골든 슬럼버,7.85,109
942,20101039.0,돌이킬 수 없는,8.49,57
943,20100335.0,여대생 기숙사,8.15,27
944,20101138.0,베리드,8.47,116
945,20100063.0,엘라의 모험 2: 백설공주 길들이기,8.58,31
946,20100809.0,에브리바디 올라잇,9.64,154
947,20100170.0,바운티 헌터,9.26,19
948,20101132.0,듀 데이트,9.47,89
949,20101038.0,대지진,8.74,129
950,20101227.0,톨스토이의 마지막 인생,9.69,13
951,20100104.0,인 디 에어,9.33,12
952,20100029.0,사랑은 언제나 진행중,8.38,13
953,20100362.0,킬러 인사이드 미,9.56,9
954,20090946.0,플래닛 51,8.50,14
955,20161788.0,하나와 미소시루,9.33,153
956,19920296.0,금지된 장난,0.00,0
957,20100376.0,아더와 미니모이 2 : 셀레니아 공주 구출 작전,9.72,36
958,20090866.0,G-포스: 기니피그 특공대,9.24,37
959,20100787.0,옥희의 영화,10.0,22
960,20090902.0,위핏,9.02,45
961,20100266.0,서태지밴드 라이브 투어 <더 뫼비우스>,10.0,230
962,20101047.0,하비의 마지막 로맨스,9.83,125
963,20090874.0,페어러브,9.35,100
964,20100740.0,기적의 오케스트라 - 엘 시스테마,9.86,14
965,20090947.0,집 나온 남자들,7.92,25
966,20156736.0,가름워즈: 마지막 예언자,6.29,24
967,20139401.0,찌라시: 위험한 소문,8.29,207
968,20153981.0,칼릴 지브란의 예언자,8.61,70
969,20100073.0,예언자,7.00,54
970,20101165.0,스즈미야 하루히의 소실,9.45,516
971,20100167.0,사요나라 이츠카,8.31,29
972,20136887.0,아메리칸 허슬,9.49,149
973,20152866.0,아메리칸 울트라,9.00,243
974,20100765.0,스페이스 침스 - 자톡의 역습 3D,8.83,18
975,20100964.0,토너먼트,8.38,21
976,20100111.0,콜링 인 러브,9.31,117
977,20090833.0,쏘우-여섯번의 기회,8.42,121
978,19770092.0,대부,9.42,52
979,19780073.0,속 대부,9.76,30
980,20139301.0,대부 : 끝나지 않은 이야기,6.35,23
981,20100028.0,커플 테라피: 대화가 필요해,9.40,5
982,20101399.0,심장이 뛴다,9.12,280
983,20090906.0,애프터 러브,9.49,102
984,20100261.0,싱글맨,9.57,21
985,20101073.0,엘 시크레토 : 비밀의 눈동자,9.53,17
986,20101040.0,소와 함께 여행하는 법,8.18,34
987,20100316.0,청설,9.70,158
988,20100330.0,런어웨이즈,9.55,51
989,20163981.0,극장판 유희왕 더 다크 사이드 오브 디멘션즈,9.66,462
990,20119600.0,극장판 유희왕 : 시공을 초월한 우정,9.77,383
991,20050039.0,유희왕,7.81,70
992,20100728.0,테이킹 우드스탁,9.62,146
993,20131721.0,밀크 오브 소로우-슬픈 모유,9.75,4
994,20100076.0,밀크,7.76,25
995,20148925.0,울프 앳 더 도어,7.89,37
996,20100795.0,더 도어,8.80,20
997,20100130.0,공기인형,8.91,91
998,20100271.0,레고:클러치파워의 모험,9.22,72
999,20100196.0,믿음의 승부,8.00,14
1000,20090937.0,동쪽의 에덴 극장판 ① 더 킹오브 에덴,9.75,159
1001,20100365.0,하얀리본,10.0,10
1002,20100102.0,제로 포커스,9.00,15
1003,20101028.0,조금만 더 가까이,9.51,43
1004,20090601.0,리틀 애쉬 : 달리가 사랑한 그림,9.60,10
1005,20101283.0,나루토 질풍전 극장판 4 - 더 로스트 타워,9.66,59
1006,20100775.0,소라닌,9.90,48
1007,20100011.0,춤추는 꿈틀이 밴드,9.94,34
1008,20100277.0,내 남자의 순이,9.09,128
1009,20100201.0,샤인 어 라이트(1st 지드래곤 콘서트),8.49,270
1010,20090639.0,셉템버 이슈,7.55,11
1011,20110302.0,최종병기 활,8.63,462
1012,20110193.0,써니,9.00,514
1013,20112695.0,완득이,9.51,727
1014,20112207.0,미션임파서블:고스트프로토콜,9.18,315
1015,20102414.0,조선명탐정 : 각시투구꽃의 비밀,9.09,467
1016,20112534.0,도가니,9.23,646
1017,20111009.0,해리포터와 죽음의 성물2,9.60,"1,747"
1018,20112173.0,리얼 스틸,9.26,381
1019,20110294.0,캐리비안의 해적: 낯선 조류,9.56,"1,023"
1020,20110290.0,퀵,8.11,416
1021,20119515.0,고지전,6.00,552
1022,20113381.0,오싹한 연애,9.40,290
1023,20110896.0,혹성탈출: 진화의 시작,8.98,402
1024,20119618.0,위험한 상견례,8.31,162
1025,20143512.0,위험한 상견례 2,8.85,366
1026,20110561.0,엑스맨: 퍼스트 클래스,8.78,192
1027,20110613.0,의뢰인,9.36,232
1028,20112272.0,가문의 영광4 - 가문의 수난,5.33,431
1029,20110297.0,블라인드,8.90,232
1030,20126413.0,페이스 블라인드,7.00,36
1031,20119513.0,7광구,6.56,"1,859"
1032,20110279.0,마당을 나온 암탉,9.15,716
1033,20102415.0,평양성,8.19,211
1034,20110211.0,토르: 천둥의 신,8.83,234
1035,20119337.0,그대를 사랑합니다,9.62,581
1036,20119577.0,블랙 스완,9.32,219
1037,20110185.0,분노의 질주: 언리미티드,9.46,127
1038,20110295.0,마이 웨이,7.25,798
1039,20110905.0,브레이킹 던 part1,9.61,"1,086"
1040,20131681.0,드래곤볼Z : 신들의 전쟁,9.74,705
1041,20111987.0,신들의 전쟁,7.88,111
1042,20110221.0,소스 코드,9.06,102
1043,20110906.0,특수본,9.17,139
1044,20119974.0,수상한 고객들,9.42,295
1045,20112589.0,오직 그대만,9.60,526
1046,20136761.0,개구쟁이 스머프 2,8.95,122
1047,20111540.0,개구쟁이 스머프,8.98,208
1048,20101395.0,라푼젤,9.56,361
1049,20111571.0,파퍼씨네 펭귄들,9.64,221
1050,20102421.0,메가마인드,9.02,197
1051,20119619.0,체포왕,9.43,114
1052,19820019.0,만추,8.37,317
1053,20113260.0,퍼펙트 게임,9.43,497
1054,20119637.0,킹스 스피치,9.31,103
1055,20112542.0,틴틴 : 유니콘호의 비밀,9.29,167
1056,20110233.0,화이트: 저주의 멜로디,8.20,495
1057,20110301.0,푸른소금,8.64,376
1058,20110251.0,풍산개,7.75,176
1059,20110303.0,통증,8.18,200
1060,20132461.0,섹슈얼 어딕션 : 꽃잎에 느껴지는 쾌락과 통증,5.50,2
1061,20110296.0,고양이: 죽음을 보는 두 개의 눈,5.66,649
1062,20112651.0,삼총사 3D,8.79,117
1063,20119420.0,아이 엠 넘버 포,8.35,124
1064,20155423.0,시카리오: 암살자의 도시,9.71,48
1065,20143901.0,"파리오페라 발레의 별, 아녜스",10.0,2
1066,20110911.0,명탐정 코난 : 침묵의 15분,9.76,"1,264"
1067,20112311.0,머니볼,9.28,61
1068,20112972.0,아더 크리스마스,9.09,135
1069,20112704.0,인 타임,9.28,119
1070,20111671.0,콜롬비아나,8.28,50
1071,20111928.0,너는 펫,8.89,689
1072,20112082.0,챔프,7.89,211
1073,20119429.0,언노운,0.00,0
1074,20111113.0,퍼스트 어벤져,8.57,161
1075,20110656.0,슈퍼 에이트,8.26,173
1076,20111914.0,카운트다운,8.95,113
1077,20147790.0,캡틴 아메리카: 윈터 솔져,9.34,437
1078,20111249.0,카 2,8.93,88
1079,20119418.0,생텀,8.42,124
1080,20110899.0,세 얼간이,9.72,"6,091"
1081,20110029.0,시즌 오브 더 위치: 마녀 호송단,8.68,40
1082,20110313.0,모비딕,8.35,72
1083,20131244.0,퍼시픽 모비딕,3.01,72
1084,20119630.0,랭고,9.50,115
1085,20112762.0,티끌모아 로맨스,9.17,346
1086,20119511.0,사랑이 무서워,6.48,61
1087,20119771.0,내 이름은 칸,9.49,639
1088,20119768.0,레드 라이딩 후드,9.19,154
1089,20110612.0,커플즈,9.43,118
1090,20110250.0,짱구는 못말려 극장판 : 초시공! 태풍을 부르는 나의 신부,9.61,506
1091,20110581.0,링컨 차를 타는 변호사,8.75,51
1092,20119627.0,세상에서 가장 아름다운 이별,9.83,157
1093,20119720.0,마이 블랙 미니드레스,9.07,215
1094,20119508.0,친구와 연인사이,9.81,16
1095,20112709.0,극장판 포켓몬스터 베스트 위시「비크티니와 백의 영웅 레시라무」,9.38,118
1096,20112050.0,파이널 데스티네이션5,8.00,81
1097,20111898.0,미쓰 마마,9.00,5
1098,20020097.0,이투마마,5.50,2
1099,20119529.0,적과의 동침,8.51,238
1100,20119772.0,줄리아의 눈,8.96,137
1101,20112175.0,컨테이젼,8.29,92
1102,20119556.0,알파 앤 오메가,9.02,60
1103,20119972.0,노미오와 줄리엣,9.85,146
1104,20112708.0,극장판 포켓몬스터 베스트 위시 「비크티니와 흑의 영웅 제크로무」,9.51,201
1105,20110655.0,그린랜턴: 반지의 선택,7.92,143
1106,20112552.0,투혼,7.63,177
1107,20156281.0,성실한 나라의 앨리스,8.84,93
1108,20119667.0,굿모닝 에브리원,9.62,74
1109,20112303.0,코쿠리코 언덕에서,8.77,158
1110,20111536.0,쥴리의 육지 대모험,8.80,30
1111,20111034.0,바니버디,9.23,47
1112,20119358.0,127시간,8.72,354
1113,20119989.0,나는 아빠다,7.82,151
1114,20111893.0,킬러 엘리트,9.23,53
1115,20111892.0,어브덕션,4.93,303
1116,20119854.0,써커 펀치,8.12,92
1117,20145142.0,갓 헬프 더 걸,9.20,84
1118,20112763.0,헬프,9.16,59
1119,20113271.0,프렌즈: 몬스터섬의비밀 3D,9.45,94
1120,20111702.0,극장판 도라에몽: 진구와 철인군단 날아라 천사들,9.07,168
1121,20149681.0,좀비 파이트 클럽,4.57,14
1122,20113306.0,50/50,9.69,74
1123,20110071.0,제인 에어,9.74,38
1124,20119802.0,비스틀리,9.08,59
1125,20142407.0,오늘의 연애,9.28,959
1126,20143717.0,오늘영화,9.75,24
1127,19940256.0,라이온 킹,9.34,47
1128,20110261.0,썬더일레븐 극장판 : 최강군단 오우거의 습격,9.55,290
1129,20119855.0,라스트 나잇,9.23,35
1130,20110660.0,정무문 : 100대 1의 전설,8.58,140
1131,20112117.0,로맨틱 크라운,9.49,63
1132,20110798.0,러브 앤 프렌즈,8.30,64
1133,20112221.0,히트,8.11,38
1134,19820100.0,보디히트,0.00,0
1135,20119419.0,웨이 백,9.24,117
1136,20149266.0,차이나타운,8.34,195
1137,20152870.0,에스엠타운 더 스테이지,8.88,126
1138,20159422.0,권법형사 : 차이나타운,8.00,9
1139,20101195.0,댄스타운,6.33,3
1140,20120561.0,에스엠타운 라이브인도쿄스페셜에디션3D,0.00,16
1141,20110609.0,기생령,8.25,177
1142,20110571.0,프리스트,5.64,327
1143,20112132.0,샤크 나이트 3D,6.57,67
1144,20112707.0,타워 하이스트,8.05,22
1145,20110292.0,옥보단 3D,7.87,47
1146,20112821.0,프렌즈 위드 베네핏,8.27,11
1147,20110030.0,꿀벌 하치의 대모험,7.36,25
1148,20112822.0,청원,8.70,20
1149,20110289.0,회초리,9.33,196
1150,20113001.0,Mr.아이돌,9.09,646
1151,20119717.0,로맨틱 헤븐,9.72,71
1152,20119856.0,베니싱,4.69,283
1153,20112141.0,돈비 어프레이드 : 어둠 속의 속삭임,8.74,46
1154,20102413.0,극장판 메탈 베이블레이드 VS 태양 작열의 침략자 솔블레이즈,7.62,101
1155,20119806.0,미트 페어런츠 3,8.35,17
1156,20101278.0,그을린 사랑,9.17,7
1157,20119507.0,"사랑한다, 사랑하지 않는다",9.50,216
1158,20127401.0,레지던트 이블 5 : 최후의 심판,8.53,163
1159,20080605.0,천녀유혼,8.24,29
1160,20080607.0,천녀유혼 3-도도도,9.53,17
1161,20080606.0,천녀유혼 2-인간도,9.60,5
1162,20113307.0,블리츠,8.67,94
1163,20112209.0,언피니시드,8.00,10
1164,20119721.0,황당한 외계인: 폴,9.22,56
1165,20119527.0,헤드,9.12,50
1166,20113312.0,결정적 한방,9.13,69
1167,20112121.0,내 여자친구의 결혼식,8.89,19
1168,20112163.0,극장판 아따맘마3D : 엄마는 초능력자,8.19,75
1169,20111692.0,행오버 2,9.42,78
1170,20140241.0,고녀석 맛나겠다2 : 함께라서 행복해,9.18,139
1171,20111101.0,고 녀석 맛나겠다,9.38,156
1172,20116037.0,달빛 길어올리기,9.98,45
1173,20110172.0,더 라이트: 악마는 있다,9.36,28
1174,20110235.0,워터 포 엘리펀트,9.41,29
1175,20111116.0,별을 쫓는 아이,9.08,147
1176,20111351.0,포인트 블랭크,9.27,22
1177,20139164.0,표적,9.12,249
1178,20112971.0,스트레스를 부르는 그 이름 직장상사,9.12,24
1179,20112208.0,더 킥,8.80,281
1180,20112622.0,트리 오브 라이프,9.82,40
1181,20101392.0,소중한 날의 꿈,9.07,228
1182,20110490.0,인 어 베러 월드,9.36,12
1183,20110182.0,스크림 4G,8.44,57
1184,20119155.0,아프리카 마법여행,8.71,41
1185,20112973.0,퍼펙트 센스,9.48,21
1186,20158351.0,히어 애프터,8.00,12
1187,20119688.0,히어애프터,6.37,86
1188,20111418.0,샤오린 : 최후의 결전,6.85,60
1189,20110254.0,북촌방향,9.57,8
1190,20101003.0,혈투,8.28,61
1191,20111027.0,철암 계곡의 혈투,7.14,7
1192,20110023.0,세인트 클라우드,9.43,77
1193,20110171.0,마오의 라스트 댄서,9.56,91
1194,20112940.0,훈장과 악동들,8.00,5
1195,20101379.0,노다메 칸타빌레 최종악장,9.67,164
1196,20112553.0,쟈니 잉글리쉬2 : 네버다이,9.44,72
1197,20119137.0,가필드 펫 포스 3D,7.50,16
1198,20119718.0,지구대표 롤링스타즈,7.33,70
1199,20149292.0,음모자들,8.80,5
1200,20110988.0,음모자,8.67,15
1201,20110027.0,아이 엠 러브,9.50,2
1202,20119589.0,더 브레이브,9.39,83
1203,20111891.0,드라이브 앵그리 3D,7.85,89
1204,20112701.0,무협,8.21,33
1205,20100826.0,리멤버 미,8.32,80
1206,20147233.0,워리어스 레인보우: 항전의 시작,8.49,268
1207,20119244.0,환상의 그대,7.56,10
1208,20111532.0,원라이프,8.52,61
1209,20101344.0,파수꾼,9.75,38
1210,20110003.0,상실의 시대,7.10,60
1211,20119878.0,엄마 까투리,8.50,12
1212,20112692.0,드라이브,8.38,21
1213,20110897.0,초(민망한)능력자들,7.70,57
1214,20112933.0,비기너스,9.12,8
1215,20119927.0,사랑을 카피하다,0.00,0
1216,20119770.0,세상의 모든 계절,8.67,4
1217,20110986.0,양과자점 코안도르,6.47,19
1218,20110089.0,허블 3D,9.35,17
1219,20165521.0,극장판 프리즘스톤 올스타 셀렉션,9.43,82
1220,20140524.0,툼스톤,5.13,15
1221,20112314.0,비우티풀,9.60,10
1222,20113473.0,진짜로 일어날지도 몰라 기적,7.62,13
1223,20119555.0,슈퍼쇼3 3D,9.57,113
1224,20110903.0,헤어드레서,10.0,3
1225,20119486.0,서유기 리턴즈,8.76,186
1226,20110601.0,플레이,9.65,43
1227,20152368.0,인 허 플레이스,8.33,9
1228,20136567.0,마이 플레이스,8.71,17
1229,20101279.0,코파카바나,10.0,3
1230,20110607.0,트루맛쇼,8.53,125
1231,20110900.0,사라의 열쇠,8.69,13
1232,20111533.0,극장판 메이저 : 우정의 강속구,9.35,80
1233,20119397.0,2010 빅뱅라이브콘서트 BIGSHOW 3D,9.59,213
1234,20119129.0,윈터스 본,4.92,12
1235,20119836.0,고양이 춤,9.66,180
1236,20101232.0,"혜화, 동",9.67,12
1237,20101242.0,무산일기,9.62,38
1238,20112541.0,씨민과 나데르의 별거,9.00,3
1239,20119501.0,최후의 툰드라-극장판,9.08,26
1240,20113151.0,모차르트 락 오페라,10.0,9
1241,20110913.0,타이페이 카페 스토리,9.89,9
1242,20110183.0,"미안해, 고마워",9.07,44
1243,20124034.0,도둑들,8.67,704
1244,20136800.0,넛잡: 땅콩 도둑들,8.94,405
1245,20124079.0,"광해, 왕이 된 남자",9.79,278
1246,20148493.0,어벤져스: 에이지 오브 울트론,9.52,"2,891"
1247,20124721.0,어벤져스,9.44,"1,261"
1248,20124054.0,늑대소년,9.28,"1,168"
1249,20124067.0,바람과 함께 사라지다,9.54,128
1250,20135661.0,어메이징 스파이더맨 2,9.03,697
1251,20126077.0,어메이징 스파이더맨,7.86,"1,066"
1252,20113557.0,범죄와의 전쟁: 나쁜놈들 전성시대,9.31,227
1253,20113554.0,내 아내의 모든 것,9.13,128
1254,20124062.0,연가시,7.80,"1,081"
1255,20124074.0,건축학개론,9.01,571
1256,20113535.0,부러진 화살,8.74,291
1257,20113885.0,맨 인 블랙 3,9.56,306
1258,20128274.0,레미제라블,9.61,632
1259,20088506.0,26년,5.88,"15,814"
1260,20124075.0,내가 살인범이다,9.04,875
1261,20126469.0,브레이킹 던 part2,9.48,"1,158"
1262,20113533.0,후궁 : 제왕의 첩,7.30,168
1263,20125048.0,호빗: 뜻밖의 여정,9.72,"1,080"
1264,20124050.0,화차,7.70,10
1265,20125920.0,이웃사람,9.49,299
1266,20113461.0,007 스카이폴,9.13,238
1267,20144941.0,스페이스 배틀쉽,3.00,1
1268,20112134.0,배틀쉽,8.98,428
1269,20132742.0,아메리칸 배틀쉽,4.18,39
1270,20125915.0,장화신은 고양이 디 오리지널,4.36,14
1271,20154141.0,스타워즈: 깨어난 포스,9.00,614
1272,20129806.0,맥코리아,0.00,33
1273,20119827.0,러브 인 코리아,9.13,15
1274,20124399.0,반창꼬,9.15,773
1275,20113916.0,러브픽션,9.45,173
1276,20126667.0,아이스 에이지 4: 대륙 이동설,9.63,171
1277,20124063.0,공모자들,9.59,113
1278,20124136.0,마다가스카3 : 이번엔 서커스다!,9.05,153
1279,20110249.0,하울링,3.24,51
1280,20124057.0,용의자X,9.93,199
1281,20124065.0,차형사,9.10,250
1282,20124066.0,은교,8.33,209
1283,20124400.0,간첩,9.57,72
1284,20030439.0,그녀를 모르면 간첩,4.71,14
1285,20124032.0,간기남,8.81,81
1286,20127634.0,메리다와 마법의 숲,8.82,60
1287,20125647.0,토탈 리콜,9.59,66
1288,20124049.0,R2B: 리턴투베이스,8.98,749
1289,20124064.0,돈의 맛,7.20,182
1290,20113886.0,회사원,9.62,192
1291,20149317.0,가디언즈 오브 갤럭시,9.34,293
1292,20126407.0,가디언즈,9.32,623
1293,20100215.0,점박이:한반도의 공룡3D,8.94,256
1294,20126409.0,본 레거시,9.22,330
1295,20128687.0,가문의 영광5 - 가문의 귀환,8.37,837
1296,20124051.0,시체가 돌아왔다,8.57,146
1297,20113671.0,원더풀 라디오,9.01,261
1298,20124348.0,돈 크라이 마미,7.92,"1,398"
1299,20125086.0,프로메테우스,9.14,224
1300,20126448.0,스텝업4 : 레볼루션,9.82,107
1301,20113887.0,점쟁이들,9.29,73
1302,20124096.0,디스 민즈 워,9.28,29
1303,20124080.0,나는 왕이로소이다,7.62,93
1304,20113920.0,토르: 마법망치의 전설,8.78,122
1305,20113745.0,스노우 화이트 앤 더 헌츠맨,9.20,271
1306,20129388.0,주먹왕 랄프,9.12,229
1307,20113532.0,미쓰GO,8.01,142
1308,20124127.0,헝거게임: 판엠의 불꽃,9.46,409
1309,20154730.0,화장실의 피에타,9.36,14
1310,20124934.0,피에타,9.40,75
1311,20124420.0,맨 온 렛지,8.91,45
1312,20129368.0,파파로티,9.28,682
1313,20112181.0,스파이 파파,8.89,9
1314,20149668.0,백설공주 살인사건,8.56,113
1315,20148128.0,백설공주의 마지막 키스,8.66,64
1316,20133773.0,백설공주: 또 다른 이야기,5.10,10
1317,20125426.0,백설공주,9.12,115
1318,20125866.0,다크 섀도우,9.50,171
1319,20128270.0,루퍼,9.90,43
1320,20127306.0,명탐정 코난: 11번째 스트라이커,9.81,813
1321,20124055.0,아부의 왕,8.19,91
1322,20124946.0,락아웃: 익스트림미션,7.98,45
1323,20110882.0,밀레니엄 : 여자를 증오한 남자들,9.02,66
1324,20125916.0,두 개의 달,7.54,123
1325,20156629.0,더 크로니클: 뮤턴트의 반격,7.66,76
1326,20124666.0,크로니클,9.06,84
1327,20101069.0,데블,8.04,50
1328,19980074.0,타이타닉,9.36,210
1329,20126686.0,미드나잇 인 파리,9.27,55
1330,20125338.0,링컨: 뱀파이어 헌터,9.33,55
1331,20127494.0,늑대아이,9.83,134
1332,20127546.0,남영동1985,6.83,"1,072"
1333,20158242.0,무서운 이야기 3 : 화성에서 온 소녀,7.48,175
1334,20136058.0,무서운 이야기 2,8.75,746
1335,20124349.0,무서운 이야기,8.45,75
1336,20128247.0,극장판 포켓몬스터 베스트위시「큐레무 VS 성검사 케르디오」,9.21,293
1337,20127108.0,모모와 다락방의 수상한 요괴들,9.00,130
1338,20127887.0,빌리와 용감한 녀석들 3D,10.0,16
1339,20113889.0,로렉스,9.22,65
1340,20129626.0,위험한 관계,8.06,98
1341,20124021.0,더 그레이,10.00,2
1342,20148210.0,빨간머리 앤 : 네버엔딩스토리,9.38,107
1343,20113472.0,우리는 동물원을 샀다,9.29,49
1344,20123217.0,극장판 포켓몬스터 베스트위시「메로엣타의 반짝반짝 음악회」,9.83,15
1345,20125427.0,짱구는 못말려 극장판: 태풍을 부르는 황금스파이 대작전,9.23,194
1346,20111774.0,가비,8.88,139
1347,20156749.0,19곰 테드 2,9.04,85
1348,20129166.0,19곰 테드,10.0,22
1349,20126388.0,잠베지아: 신비한 나무섬의 비밀,8.04,77
1350,20124874.0,서약,10.00,1
1351,20124070.0,강철대오:구국의 철가방,8.79,155
1352,20126566.0,캐빈 인 더 우즈,8.63,43
1353,20113391.0,나는 공무원이다,9.15,66
1354,20126089.0,자칼이 온다,8.76,"1,681"
1355,20129092.0,테드: 황금도시 파이티티를 찾아서,10.0,17
1356,20113811.0,코알라 키드 : 영웅의 탄생,9.62,256
1357,20112561.0,원 데이,8.70,399
1358,20127266.0,극장판 도라에몽: 진구와 기적의 섬 애니멀 어드벤처,9.24,62
1359,20124449.0,세이프 하우스,9.66,29
1360,20113652.0,다크아워,7.66,67
1361,20113821.0,더 레이븐,8.59,46
1362,20149769.0,잠자는 숲속의 미녀와 야수,5.62,13
1363,20113912.0,철의 여인,9.49,70
1364,20129790.0,아르고,8.98,79
1365,20125646.0,사다코 3D : 죽음의 동영상,8.19,223
1366,20126745.0,리미트리스,8.94,162
1367,20131206.0,아티스트 봉만대,8.70,268
1368,20124058.0,5백만불의 사나이,6.74,257
1369,20068590.0,인류멸망 보고서,7.15,433
1370,20128271.0,577 프로젝트,8.33,63
1371,20113883.0,초한지 - 천하대전,8.55,42
1372,20120430.0,철가방 우수氏,9.46,388
1373,20127086.0,락 오브 에이지,9.29,44
1374,20125907.0,콜드 라잇 오브 데이,9.24,34
1375,20151201.0,레전드 오브 래빗: 불의 전설,6.42,65
1376,20113982.0,레전드 오브 래빗,6.20,104
1377,20125806.0,극장판 썬더일레븐GO : 궁극의 우정 그리폰,9.48,176
1378,20120021.0,조조-황제의 반란,10.0,22
1379,20112443.0,두 개의 문,4.58,561
1380,20113881.0,하이힐을 신고 달리는 여자,8.40,25
1381,20129407.0,로우리스: 나쁜 영웅들,10.0,20
1382,20129260.0,우리도 사랑일까,8.00,3
1383,20124551.0,휴고,8.97,117
1384,20124738.0,돌아온 파워레인저 미라클포스,8.86,35
1385,20126410.0,헤이와이어,5.51,41
1386,20120421.0,살인소설,8.85,102
1387,20113981.0,디센던트,9.00,19
1388,20124873.0,콘트라밴드,9.57,7
1389,20150741.0,인시디어스 3,8.63,181
1390,20135657.0,인시디어스: 두번째 집,8.69,231
1391,20124011.0,빅 미라클,9.10,20
1392,20124061.0,두 번의 결혼식과 한 번의 장례식,8.67,87
1393,20126617.0,더 씽,8.25,96
1394,20128272.0,레드라이트,7.60,11
1395,20120661.0,저지드레드 3D,7.13,135
1396,20120942.0,밀림의 왕자 레오2,8.38,30
1397,20125126.0,킹메이커,9.06,18
1398,20113486.0,케빈에 대하여,8.33,9
1399,20152781.0,배트맨 대 슈퍼맨: 저스티스의 시작,8.47,"1,139"
1400,20144324.0,스페이스 독 2,10.0,7
1401,20124939.0,스페이스 독,5.33,3
1402,20113201.0,하트 브레이커,9.06,18
1403,20129146.0,인피니트 콘서트 세컨드 인베이전 에볼루션 더 무비 3D,0.00,544
1404,20112808.0,말하는 건축가,9.00,16
1405,20121628.0,더 스토리: 세상에 숨겨진 사랑,9.50,27
1406,20111416.0,두레소리,9.44,37
1407,20128588.0,"그 시절, 우리가 좋아했던 소녀",9.94,42
1408,20124917.0,복숭아나무,8.59,311
1409,20125106.0,코난: 암흑의 시대,7.84,129
1410,20126408.0,시작은 키스!,8.30,12
1411,20125346.0,벨 아미,8.25,21
1412,20125649.0,데인저러스 메소드,9.00,45
1413,20127706.0,매직 마이크,9.67,19
1414,20125486.0,머신건 프리처,9.35,74
1415,20124023.0,원 포 더 머니,8.89,19
1416,20124552.0,밀림의 왕자 레오: 세상을 바꾸는 용기,8.00,10
1417,20122101.0,아무르,9.17,50
1418,20113481.0,자전거 탄 소년,9.50,4
1419,20126506.0,폭풍의 언덕,7.71,24
1420,20128746.0,서칭 포 슈가맨,0.00,5
1421,20121244.0,코드네임 제로니모,7.15,115
1422,20124530.0,지상의 별처럼,9.63,34
1423,20121550.0,개들의 전쟁,9.15,144
1424,20125467.0,레이드 : 첫번째 습격,8.45,67
1425,20128306.0,피나,9.71,8
1426,20119207.0,피나 바우쉬의 댄싱 드림즈,8.00,5
1427,20128707.0,웨딩스캔들,0.00,16
1428,20128549.0,대학살의 신,9.50,7
1429,20120127.0,파괴자들,6.87,56
1430,20100752.0,달팽이의 별,8.82,11
1431,20124186.0,마릴린 먼로와 함께한 일주일,9.46,46
1432,20129089.0,한경직,0.00,26
1433,20125967.0,멜랑콜리아,9.31,28
1434,20124114.0,신과 인간,10.0,9
1435,20125306.0,런던 블러바드,7.20,5
1436,20125307.0,하늘이 보내준 딸,7.95,22
1437,20124872.0,비스트 앵콜 콘서트  3D,9.72,168
1438,20128530.0,아메리칸 파이: 19금 동창회,10.0,5
1439,20126026.0,블루 발렌타인,9.08,36
1440,20113501.0,치코와 리타,9.75,4
1441,20120541.0,MB의 추억,9.18,186
1442,20124098.0,원피스 3D : 밀짚모자 체이스,7.64,74
1443,20128832.0,나이트폴,0.00,5
1444,20126010.0,파닥파닥,9.59,50
1445,20113822.0,원스 어게인,9.85,26
1446,20127406.0,내 슬픈 창녀들의 추억,7.73,11
1447,20129046.0,럼 다이어리,9.44,17
1448,20129227.0,익스트림 No.13,9.50,4
1449,20156905.0,"오 브라더, 오 시스터!",9.14,7
1450,20124060.0,범죄소년,8.28,160
1451,20126446.0,해피 해피 브레드,7.83,8
1452,20125766.0,야곱 신부의 편지,10.0,4
1453,20120107.0,내가 고백을 하면,8.03,31
1454,20124933.0,황제펭귄 펭이와 솜이,9.50,9
1455,20121923.0,엔드 오브 왓치,9.12,30
1456,20125567.0,밤의 이야기,9.77,49
1457,20162042.0,아노말리사,7.22,36
1458,20128977.0,손오공: 돌원숭이의 탄생,0.00,1
1459,20121095.0,심플 라이프,9.54,67
1460,20113482.0,미래는 고양이처럼,9.00,3
1461,20113491.0,세 번째 사랑,9.00,1
1462,20127593.0,7번방의 선물,9.53,775
1463,20126674.0,설국열차,8.17,"4,350"
1464,20126091.0,관상,9.51,"1,590"
1465,20124083.0,베를린,8.83,"1,243"
1466,20140097.0,2014 베를린 필하모닉 발트뷔네 콘서트,0.00,0
1467,20126672.0,은밀하게 위대하게,9.59,"12,901"
1468,20134803.0,변호인,6.07,"26,726"
1469,20136049.0,숨바꼭질,9.10,684
1470,20136052.0,더 테러 라이브,7.62,"2,063"
1471,20122783.0,감시자들,8.35,"1,101"
1472,20122122.0,월드 워 Z,9.29,"1,007"
1473,20124401.0,신세계,8.99,585
1474,20124935.0,박수건달,8.97,826
1475,20161595.0,스파이: 작전명 태풍,5.00,6
1476,20152871.0,스파이 브릿지,9.28,197
1477,20155010.0,슈퍼 스파이: 수상한 임무,9.64,25
1478,20154761.0,스파이 게임,0.00,0
1479,20139221.0,그래비티,9.25,589
1480,20124937.0,감기,7.84,"2,083"
1481,20138355.0,토르: 다크 월드,9.47,719
1482,20136962.0,레드: 더 레전드,8.79,397
1483,20137044.0,친구 2,7.53,"2,152"
1484,20135428.0,어바웃 타임,9.62,296
1485,20138881.0,나우 유 씨 미 : 마술사기단,9.38,388
1486,20159641.0,위대한 소원,8.90,336
1487,20134582.0,소원,9.45,"2,827"
1488,20041524.0,극장판 포켓몬스터 AG - 아름다운 소원의 별 지라치,8.04,140
1489,20133661.0,소원택시,5.97,148
1490,20136961.0,퍼시픽 림,8.55,922
1491,20123383.0,화이: 괴물을 삼킨 아이,9.24,680
1492,20162941.0,컨저링 2,8.94,178
1493,20131381.0,컨저링,8.01,845
1494,20137961.0,맨 오브 스틸,9.33,971
1495,20124938.0,용의자,9.28,931
1496,20134267.0,호빗: 스마우그의 폐허,9.72,"1,017"
1497,20020205.0,워터 보이즈,6.20,5
1498,20128690.0,연애의 온도,8.62,451
1499,20113972.0,지.아이.조 2,8.78,598
1500,20135221.0,분노의 질주: 더 맥시멈,9.68,521
1501,20129606.0,공범,8.99,338
1502,20134123.0,집으로 가는 길,7.49,"1,179"
1503,20125333.0,전설의 주먹,8.29,638
1504,20123329.0,스타트렉 다크니스,9.41,648
1505,20128386.0,라이프 오브 파이,9.19,258
1506,20134181.0,오블리비언,9.30,446
1507,20136219.0,위대한 개츠비,9.26,243
1508,20123387.0,다이하드: 굿 데이 투 다이,8.50,392
1509,20126671.0,런닝맨,9.17,798
1510,20124082.0,미스터 고,8.52,"5,625"
1511,20136061.0,결혼전야,8.86,397
1512,20123381.0,깡철이,9.07,676
1513,20137811.0,엘리시움,9.01,405
1514,20129114.0,더 웹툰: 예고살인,8.61,477
1515,20135241.0,웜 바디스,9.53,876
1516,20120426.0,고령화 가족,8.82,307
1517,20138544.0,헝거게임: 캣칭 파이어,9.15,521
1518,20137121.0,더 울버린,7.75,630
1519,20123641.0,잭 더 자이언트 킬러,9.46,145
1520,20135362.0,크루즈 패밀리,9.54,336
1521,20123681.0,뽀로로 극장판 슈퍼썰매 대모험,9.01,154
1522,20154242.0,몬스터 호텔 2,9.43,451
1523,20124402.0,열한시,8.45,272
1524,20135001.0,몬스터 대학교,9.35,478
1525,20125990.0,남쪽으로 튀어,8.73,374
1526,20123333.0,잭 리처,9.14,232
1527,20134801.0,더 파이브,9.02,538
1528,20121861.0,더 임파서블,8.08,308
1529,20129588.0,섀도우 헌터스: 뼈의 도시,8.02,241
1530,20137815.0,화이트 하우스 다운,8.47,169
1531,20134407.0,사이코메트리,9.42,615
1532,20137562.0,퍼시 잭슨과 괴물의 바다,8.66,540
1533,20126087.0,남자사용설명서,8.90,"1,109"
1534,20134984.0,다이노소어 어드벤처 3D,8.78,85
1535,20139981.0,캐치미,9.36,773
1536,20134206.0,썬더와 마법저택,9.12,101
1537,20138223.0,노브레싱,9.11,"2,233"
1538,20124024.0,클라우드 아틀라스,8.04,"1,329"
1539,20110881.0,창수,9.45,476
1540,20058720.0,명탐정 코난 : 수평선상의 음모,9.19,549
1541,20120467.0,스토커,8.54,537
1542,20101166.0,비스트 스토커 2 - <증인> 두 번째 이야기,10.0,5
1543,20122625.0,오즈 그레이트 앤드 파워풀,9.05,150
1544,20128691.0,미나문방구,7.62,"3,146"
1545,20135370.0,이스케이프 플랜,8.85,120
1546,20123421.0,눈의 여왕,9.22,179
1547,20143344.0,눈의 여왕 2: 트롤의 마법거울,8.17,115
1548,20122785.0,롤러코스터,8.90,346
1549,20122803.0,파이스토리 : 악당상어 소탕작전,9.17,126
1550,20123384.0,밤의 여왕,8.97,384
1551,20132821.0,캡틴 필립스,9.25,244
1552,20128747.0,분노의 윤리학,9.10,161
1553,20150461.0,스티브 잡스,8.03,118
1554,20139265.0,잡스,8.48,871
1555,20135427.0,세이빙 산타,8.51,301
1556,20136741.0,짱구는 못말려 극장판:태풍을 부르는 나와 우주의 프린세스,9.21,392
1557,20136138.0,송 포 유,9.38,342
1558,20134562.0,비포 미드나잇,9.57,205
1559,20122786.0,응징자,8.62,198
1560,20140119.0,미이라 : 피라미드의 비밀,4.38,13
1561,20130783.0,프리즈너스,9.15,110
1562,20126583.0,마이 리틀 히어로,9.10,617
1563,20123644.0,해양경찰 마르코,9.19,133
1564,20137963.0,백악관 최후의 날,8.08,437
1565,20134603.0,로마 위드 러브,8.53,224
1566,20048799.0,명탐정 코난:은빛 날개의 마술사,9.14,"1,093"
1567,20153821.0,미션: 톱스타를 훔쳐라,8.36,33
1568,20120428.0,톱스타,8.37,167
1569,20143666.0,울언니,9.52,21
1570,20131246.0,엔더스 게임,9.12,"1,128"
1571,20123821.0,더 자이언트,8.92,141
1572,20131630.0,히든 카드,8.59,59
1573,20122231.0,안나 카레니나,7.88,169
1574,20120108.0,지슬 - 끝나지 않은 세월2,6.74,718
1575,20131541.0,블루 재스민,9.02,62
1576,20134581.0,링컨,8.63,300
1577,20149831.0,더 퍼지 : 거리의 반란,6.95,124
1578,20139601.0,더 퍼지,5.64,755
1579,20133152.0,카운슬러,9.05,215
1580,20132824.0,리딕,8.97,167
1581,20040618.0,리딕 - 헬리온 최후의 빛,10.0,7
1582,20132120.0,러시 : 더 라이벌,9.44,217
1583,20123484.0,실버라이닝 플레이북,9.36,670
1584,20134268.0,버틀러: 대통령의 집사,9.74,52
1585,20139383.0,극장판 도라에몽: 진구의 비밀도구 박물관,8.70,148
1586,20134124.0,배우는 배우다,9.39,"1,361"
1587,20129262.0,제로 다크 서티,8.28,286
1588,20139826.0,마지막 4중주,9.32,22
1589,20134046.0,월터의 상상은 현실이 된다,9.16,243
1590,20132082.0,바람이 분다,3.46,"1,539"
1591,20138421.0,R.I.P.D. : 알.아이.피.디.,8.57,158
1592,20132261.0,로덴시아: 마법왕국의 전설,9.39,93
1593,20134983.0,원피스 극장판 Z,9.54,781
1594,20010292.0,몬스터 주식회사,8.09,24
1595,20138141.0,더 콜,8.94,670
1596,20136662.0,뷰티풀 크리처스,9.43,291
1597,20126253.0,토토의 움직이는 숲,8.56,27
1598,20139263.0,쿵후팬더: 영웅의 탄생,7.02,"1,916"
1599,20030072.0,니모를 찾아서,8.61,31
1600,19850024.0,오싱,0.00,0
1601,20134144.0,화이트 고릴라,8.91,47
1602,20120381.0,피노키오: 당나귀 섬의 비밀,8.71,86
1603,20137041.0,우리 선희,8.81,62
1604,19650001.0,닥터 지바고,10.0,5
1605,20120103.0,닥터,8.32,275
1606,20139141.0,토니 스토리: 깡통제국의 비밀,8.29,133
1607,20123422.0,라스트 스탠드,8.43,300
1608,20128079.0,정글번치 : 빙산으로의 귀환,7.97,37
1609,20136921.0,에반게리온: Q,9.14,900
1610,20135443.0,산타의 매직 크리스탈,8.28,25
1611,20134701.0,웃는 남자,8.66,186
1612,20135581.0,호프 스프링즈,8.59,45
1613,20135942.0,돌핀 : 꿈꾸는 다니엘의 용감한 모험,7.91,23
1614,20147848.0,꼬마영웅 경찰차 프로디2,9.33,15
1615,20136783.0,꼬마영웅 경찰차 프로디,8.90,21
1616,20126003.0,길위에서,9.38,16
1617,20134042.0,스카이포스 3D,8.81,124
1618,20139083.0,언어의 정원,9.21,837
1619,20131245.0,블랙 가스펠,9.49,229
1620,20133704.0,그렇게 아버지가 된다,8.93,43
1621,20127597.0,뜨거운 안녕,9.52,"1,456"
1622,20132262.0,적인걸2 : 신도해왕의 비밀,8.97,138
1623,20130569.0,슈퍼윙스 3D,8.95,83
1624,20000067.0,러브레터,8.67,28
1625,20122681.0,마린스키 발레: 호두까기 인형 3D,9.00,1
1626,20131001.0,프리버즈: 밍쿠와 찌아의 도시 대탈출,6.37,"1,783"
1627,20134102.0,글래디에이터: 로마 영웅 탄생의 비밀 3D,6.71,83
1628,20135766.0,나폴레옹 토레스전투,0.00,0
1629,20098169.0,쥬라기 월드,9.26,899
1630,19930176.0,쥬라기 공원,8.96,28
1631,20135261.0,오란고교 호스트부,3.59,94
1632,20134869.0,호스트,8.16,147
1633,20137082.0,스니치,9.33,30
1634,20133760.0,세이프 헤이븐,8.59,298
1635,20137422.0,폭풍우 치는 밤에: 비밀 친구,8.15,54
1636,20139723.0,사이드 이펙트,7.59,148
1637,20135369.0,저스틴,7.88,117
1638,20138201.0,극장판 썬더일레븐 GO VS 골판지 전사 W,8.33,150
1639,20139461.0,뫼비우스,6.52,420
1640,20121741.0,누구의 딸도 아닌 해원,8.88,57
1641,20123741.0,드래곤 헌터,7.31,147
1642,20162577.0,사부: 영춘권 마스터,7.25,8
1643,20155740.0,아이돌 마스터 무비 : 빛의 저편으로!,7.25,320
1644,20138884.0,빅 웨딩,8.84,80
1645,20133881.0,러스트 앤 본,8.95,85
1646,20138712.0,꼭두각시,8.41,590
1647,20132807.0,어떤 시선,9.11,18
1648,20134244.0,극장판 나루토 질풍전: 로드 투 닌자,9.73,959
1649,20138350.0,쾌걸 조로리의 대대대대모험,1.57,710
1650,20135365.0,코비: 블루 엘리펀트의 전설,9.57,100
1651,20135368.0,스파이크,9.23,43
1652,20134044.0,빅 픽처,8.92,51
1653,20122581.0,빨간머리 앤 : 그린게이블로 가는 길,9.66,64
1654,19980036.0,8월의 크리스마스,6.89,20
1655,20131281.0,부에노스 아이레스에서 사랑에 빠질 확률,7.70,33
1656,20138226.0,우아한 거짓말,9.58,544
1657,20134222.0,알렉스 크로스,7.11,272
1658,20135521.0,잉여들의 히치하이킹,9.38,79
1659,20134068.0,까밀 리와인드,8.91,43
1660,20131263.0,사이비,9.28,144
1661,20130421.0,플레이스 비욘드 더 파인즈,9.05,38
1662,20137585.0,천안함 프로젝트,2.04,"6,710"
1663,20121455.0,아기기린 자라파,9.20,51
1664,20163701.0,보고싶다,10.0,6
1665,20165502.0,마신자 - 빨간 옷 소녀의 저주,7.34,160
1666,20162066.0,플라이트 엑시던트,6.79,14
1667,20123603.0,플라이트,8.39,301
1668,20133603.0,다이애나,8.64,92
1669,20130669.0,에어라인 플라이트,1.79,33
1670,20138222.0,완전 소중한 사랑,9.42,144
1671,20135837.0,꼬마마녀 요요와 네네,9.72,43
1672,20058701.0,러브레이스,8.16,150
1673,20134061.0,세상의 끝까지 21일,8.50,114
1674,20123602.0,셰임,8.63,96
1675,20122223.0,홀리 모터스,7.77,74
1676,20159421.0,러브 이즈 크라임,9.25,4
1677,20159141.0,피치 퍼펙트: 언프리티 걸즈,9.18,125
1678,20137081.0,이별계약,8.47,55
1679,20139121.0,인 더 하우스,9.00,20
1680,20139081.0,타이치0 3D,7.33,434
1681,20122221.0,앤젤스 셰어: 천사를 위한 위스키,9.00,18
1682,20136782.0,월플라워,9.35,565
1683,20130482.0,잉투기,8.89,81
1684,20134621.0,터치 오브 라이트,9.22,254
1685,20120110.0,명왕성,8.84,260
1686,20130250.0,베이트,5.69,198
1687,20122229.0,로얄 어페어,8.43,114
1688,20132381.0,호비와 후후의 대모험: 무지개꽃을 구하라,7.89,18
1689,20132481.0,쇼를 사랑한 남자,7.21,47
1690,20122865.0,데드폴,7.76,50
1691,20129786.0,공정사회,8.77,138
1692,20134027.0,갬빗,8.14,124
1693,20132805.0,안녕?! 오케스트라,8.82,40
1694,20135278.0,피치 퍼펙트,8.50,328
1695,20134484.0,어느 예술가의 마지막 일주일,9.21,24
1696,20120801.0,48미터,9.73,447
1697,20132722.0,올 이즈 로스트,9.49,57
1698,20137061.0,사랑은 타이핑 중!,9.00,39
1699,20123004.0,새 구두를 사야해,8.94,17
1700,20137722.0,킥 애스 2 : 겁없는 녀석들,8.83,457
1701,20135907.0,브로큰 시티,8.50,30
1702,20138482.0,아유레디?,7.82,51
1703,20123521.0,콰르텟,9.27,255
1704,20134362.0,극장판 토리코 : 미식신의 스페셜메뉴,9.69,151
1705,20138882.0,코스모폴리스,8.62,48
1706,20133159.0,토마스와 친구들: 블루마운틴 미스터리,7.26,19
1707,20134062.0,페어리테일: 봉황의 무녀,9.83,852
1708,20113917.0,파라노만,8.02,130
1709,20136281.0,모래가 흐르는 강,7.45,11
1710,20122005.0,"다시, 뜨겁게 사랑하라!",7.94,32
1711,20121094.0,로봇 앤 프랭크,8.97,250
1712,20132167.0,당신에게도 사랑이 다시 찾아올까요?,7.63,81
1713,20157431.0,명량: 회오리 바다를 향하여,6.35,96
1714,20136803.0,겨울왕국,9.62,"1,075"
1715,20149120.0,인터스텔라,9.57,815
1716,20136064.0,해적: 바다로 간 산적,8.11,"1,667"
1717,20137048.0,국제시장,8.76,"1,237"
1718,20123501.0,군도: 민란의 시대,9.26,"1,751"
1719,20148807.0,엣지 오브 투모로우,9.22,366
1720,20147669.0,엑스맨: 데이즈 오브 퓨처 패스트,9.16,698
1721,20134804.0,타짜-신의 손,4.37,"3,475"
1722,20148973.0,혹성탈출: 반격의 서막,8.88,356
1723,20139183.0,역린,9.04,"1,285"
1724,20141111.0,"님아, 그 강을 건너지 마오",9.80,192
1725,20139201.0,신의 한 수,8.82,494
1726,20130442.0,끝까지 간다,9.57,997
1727,20149629.0,비긴 어게인,9.59,454
1728,20136513.0,표적이 된 학원,8.57,35
1729,20150622.0,메이즈 러너: 스코치 트라이얼,9.38,851
1730,20140431.0,메이즈 러너,9.54,324
1731,20140226.0,호빗: 다섯 군대 전투,9.61,897
1732,19900047.0,"나의 사랑, 나의 신부",0.00,0
1733,20147930.0,나의 사랑 나의 신부,9.17,285
1734,20147299.0,논스톱,9.00,3
1735,20149811.0,인투 더 스톰,9.00,388
1736,20158069.0,노아의 방주: 남겨진 녀석들,9.55,246
1737,20136947.0,포르노 아티스트,0.00,0
1738,20133602.0,노아,2.33,3
1739,20137043.0,남자가 사랑할 때,9.07,461
1740,20135656.0,루시,7.99,613
1741,20149265.0,기술자들,8.83,980
1742,20140425.0,나를 찾아줘,9.09,118
1743,20134589.0,제보자,8.57,553
1744,20139881.0,피끓는 청춘,9.38,"1,290"
1745,20134594.0,두근두근 내 인생,5.61,"3,152"
1746,20140842.0,엑소더스: 신들과 왕들,9.04,322
1747,20134082.0,해무(海霧),9.00,"1,478"
1748,20133322.0,인간중독,7.83,273
1749,20148383.0,말레피센트,9.57,178
1750,20134028.0,폼페이: 최후의 날,8.72,167
1751,20140694.0,퓨리,9.21,262
1752,20060173.0,패스트 앤 퓨리어스 도쿄 드리프트,8.11,45
1753,20141261.0,드라큘라: 전설의 시작,8.75,115
1754,20134590.0,빅매치,8.76,566
1755,20135386.0,슬로우 비디오,9.07,993
1756,20129787.0,방황하는 칼날,9.16,290
1757,20148842.0,우리는 형제입니다,8.34,169
1758,20141113.0,애나벨,8.98,128
1759,20140402.0,헝거게임: 모킹제이,9.42,439
1760,20136802.0,카트,9.67,"8,788"
1761,20155783.0,폴 매카트니의 락쇼,8.88,8
1762,20050071.0,카트 레이서,4.43,7
1763,20130561.0,관능의 법칙,7.65,217
1764,20147727.0,그랜드 부다페스트 호텔,9.45,84
1765,20138962.0,리오 2,9.34,"1,655"
1766,20149846.0,"안녕, 헤이즐",9.39,297
1767,20147874.0,고질라,7.95,465
1768,20130522.0,트랜센던스,8.92,359
1769,20147176.0,상의원,8.76,526
1770,20138224.0,플랜맨,9.09,509
1771,20132482.0,우는 남자,8.20,384
1772,20134533.0,타잔 3D,9.06,437
1773,20147129.0,패션왕,6.43,"2,228"
1774,20134591.0,황제를 위하여,8.61,309
1775,20136812.0,더 울프 오브 월스트리트,9.23,167
1776,20149930.0,스텝 업: 올 인,9.42,316
1777,20162222.0,극장판 울트라맨 우주 몬스터 대결전,6.54,26
1778,20158192.0,고스트 헌터: 얼음 몬스터의 부활,9.47,157
1779,20040637.0,쓰리 몬스터,7.50,4
1780,20155441.0,몬스터 헌트,7.27,160
1781,20136866.0,노예 12년,9.37,791
1782,20122787.0,또 하나의 약속,9.76,"4,125"
1783,20147931.0,소녀괴담,7.46,183
1784,20126090.0,조선미녀삼총사,7.44,"1,183"
1785,20136863.0,마담 뺑덕,8.04,287
1786,20136043.0,신이 보낸 사람,8.81,"1,540"
1787,20162627.0,다이버전트 시리즈: 얼리전트,8.79,154
1788,20147283.0,다이버전트,8.57,161
1789,20149394.0,주온 : 끝의 시작,8.56,542
1790,20148745.0,좋은 친구들,7.94,192
1791,20148132.0,닌자터틀,8.07,313
1792,20149567.0,명탐정 코난 : 이차원의 저격수,9.65,567
1793,20148626.0,나의 독재자,8.46,980
1794,20133601.0,천재 강아지 미스터 피바디,9.66,325
1795,20136062.0,하이힐,8.60,275
1796,20137545.0,하이힐을 신은 여자는 위험하다,7.00,6
1797,20147968.0,선 오브 갓,7.38,260
1798,20136337.0,잭 라이언 : 코드네임 쉐도우,9.00,106
1799,20134592.0,"극장판 포켓몬스터 베스트위시: 신의 속도 게노세크트, 뮤츠의 각성",9.13,153
1800,20143422.0,숲속으로,9.61,158
1801,20139964.0,레드카펫,8.85,258
1802,20149978.0,비행기 2: 소방구조대,8.17,30
1803,20147096.0,프랑켄슈타인: 불멸의 영웅,7.69,131
1804,20142421.0,"러브, 로지",8.87,113
1805,20148686.0,오큘러스,8.34,89
1806,20143543.0,사랑에 대한 모든 것,8.99,101
1807,20149970.0,마야,9.66,74
1808,20040595.0,"달마야, 서울 가자",5.00,1
1809,20140458.0,노벰버 맨,8.75,87
1810,20148728.0,창문 넘어 도망친 100세 노인,9.37,131
1811,20148877.0,그레이스 오브 모나코,9.09,57
1812,20136445.0,레고 무비,9.15,195
1813,20148648.0,극장판 루팡 3세 VS 명탐정 코난,9.22,256
1814,20134122.0,한공주,9.42,144
1815,20147609.0,헤라클레스 : 레전드 비긴즈,7.61,"1,163"
1816,20141281.0,"극장판 파워레인저 다이노포스VS고버스터즈 공룡 대결전! ~안녕, 영원한 친구여!~",9.14,93
1817,20134588.0,덕수리 5형제,8.47,248
1818,20149287.0,덤 앤 더머 투,9.26,223
1819,20149984.0,컬러풀 웨딩즈,9.41,107
1820,20149910.0,보이후드,9.39,36
1821,20143602.0,일곱난쟁이,8.96,365
1822,20040756.0,하울의 움직이는 성,9.20,195
1823,20147683.0,라스트베가스,9.59,354
1824,20136312.0,아빠를 빌려드립니다,9.37,491
1825,20140181.0,극장판 도라에몽: 진구의 아프리카 모험 ~베코와 5인의 탐험대~,9.58,252
1826,20147250.0,폴리스 스토리 2014,9.69,305
1827,20149859.0,마다가스카의 펭귄,9.63,188
1828,20134585.0,가시,7.91,244
1829,20120104.0,가시꽃,8.93,56
1830,20148830.0,마담 프루스트의 비밀정원,9.52,44
1831,20148927.0,맨홀,7.29,726
1832,20142843.0,꾸뻬씨의 행복여행,9.51,144
1833,20149758.0,터키,8.98,82
1834,20149099.0,더 기버: 기억전달자,9.44,257
1835,20134586.0,도희야,8.93,92
1836,20149288.0,더 시그널,7.63,121
1837,20148232.0,니드 포 스피드,8.89,152
1838,20140247.0,베리 굿 걸,9.33,85
1839,20142301.0,박스트롤,9.92,26
1840,20147694.0,슈퍼미니,9.00,81
1841,20136894.0,살인자,9.28,196
1842,20149667.0,원 컷 - 어느 친절한 살인자의 기록,8.38,37
1843,20149568.0,허큘리스,8.77,116
1844,20147971.0,짱구는 못말려 극장판：엄청 맛있어! B급 음식 서바이벌!,9.11,212
1845,20134069.0,씬 시티: 다크히어로의 부활,9.25,268
1846,20147693.0,원 챈스,9.48,90
1847,20147928.0,터널 3D,7.29,320
1848,20147948.0,페이스 오브 러브,9.57,210
1849,20149511.0,분신사바 2,7.72,79
1850,20142023.0,아더 우먼,8.11,133
1851,20147684.0,리스본행 야간열차,8.72,81
1852,20149415.0,쿰바: 반쪽무늬 얼룩말의 대모험,9.35,48
1853,20149140.0,브릭 맨션: 통제불능 범죄구역,8.09,227
1854,20136926.0,프란시스 하,8.89,27
1855,20141028.0,정글히어로,9.21,80
1856,20147678.0,어거스트: 가족의 초상,9.29,124
1857,20147430.0,모뉴먼츠 맨: 세기의 작전,9.45,161
1858,20147625.0,달라스 바이어스 클럽,9.34,103
1859,20149931.0,인보카머스,8.51,98
1860,20148129.0,더 바디,8.74,85
1861,20141088.0,5일의 마중,9.15,33
1862,20140196.0,프랭크,9.24,67
1863,20141961.0,내가 잠들기 전에,8.19,36
1864,20136292.0,"가장 따뜻한 색, 블루",9.41,79
1865,20134070.0,어네스트와 셀레스틴,9.48,318
1866,20141706.0,다이빙벨,3.08,"2,456"
1867,20142798.0,"제자, 옥한흠",7.22,18
1868,20148834.0,베스트 오퍼,9.12,195
1869,20149441.0,내 연애의 기억,8.97,112
1870,20149257.0,설계,6.52,135
1871,20132799.0,족구왕,9.38,125
1872,20147282.0,우리별 일호와 얼룩소,7.76,224
1873,20142321.0,울브스,8.36,77
1874,20147970.0,그레이트 뷰티,8.08,60
1875,20130574.0,개를 훔치는 완벽한 방법,9.27,467
1876,20149125.0,천국에 다녀온 소년,9.16,37
1877,20147527.0,그날 본 꽃의 이름을 우리는 아직 모른다,9.77,992
1878,20148840.0,자유의 언덕,9.21,28
1879,20147679.0,필로미나의 기적,9.43,77
1880,20124047.0,백프로,9.54,425
1881,20148277.0,몬스터 왕국,8.13,105
1882,20147372.0,슈퍼노바 지구 탈출기,8.61,97
1883,20136805.0,파가니니: 악마의 바이올리니스트,9.56,59
1884,20123662.0,만신,9.29,181
1885,20141704.0,목숨,9.38,210
1886,20141621.0,마미,9.44,61
1887,20070031.0,마미야 형제,10.0,11
1888,20147691.0,초콜렛 도넛,9.12,96
1889,20136586.0,오직 사랑하는 이들만이 살아남는다,9.70,180
1890,20149796.0,"메밀꽃, 운수 좋은 날, 그리고 봄봄",9.38,104
1891,20143314.0,꼬마 잠수함 올리 2,9.06,53
1892,20147880.0,위크엔드 인 파리,9.87,15
1893,20143343.0,무드 인디고,8.96,76
1894,20136575.0,배틀 오브 비보이,8.29,42
1895,20140459.0,킬 유어 달링,9.06,189
1896,20148347.0,마이 블랭키,9.22,18
1897,20148997.0,동경가족,8.37,94
1898,20147301.0,굿모닝 맨하탄,9.46,65
1899,20141441.0,앵그리스트 맨,9.69,49
1900,20147649.0,벨과 세바스찬,9.38,52
1901,20142021.0,마인드스케이프,9.19,226
1902,20140762.0,지골로 인 뉴욕,8.40,100
1903,20141781.0,꼬마잠수함 올리,9.54,28
1904,20142481.0,왓 이프,8.85,213
1905,20149838.0,유고와 라라 : 신비의 숲 어드벤처,9.47,47
1906,20134436.0,쥬로링 동물탐정 극장판,9.50,36
1907,20143574.0,GROW: 인피니트의 리얼 청춘 라이프,9.68,430
1908,20135946.0,고스트 메신저 극장판,9.67,418
1909,20142110.0,타임 투 러브,9.68,534
1910,20147161.0,디노타샤: 공룡대탐험,8.20,54
1911,20158492.0,진격의 거인: 자유의 날개,8.04,56
1912,20141001.0,거인,9.64,141
1913,20155762.0,진격의 거인: 홍련의 화살,7.74,242
1914,20138501.0,극장판 뛰뛰빵빵 구조대 미션: 둥둥이를 구하라!,8.48,27
1915,20149462.0,천하무적 키코리키,7.00,6
1916,20142964.0,클라우즈 오브 실스마리아,9.63,67
1917,20136736.0,초원의 왕 도제,9.22,41
1918,20110237.0,이브 생 로랑의 라무르,10.0,5
1919,20148381.0,60만번의 트라이,9.29,262
1920,20148208.0,그랜드 피아노,7.85,60
1921,20143081.0,그 사람 그 사랑 그 세상,10.0,8
1922,20142857.0,슈퍼처방전,9.28,94
1923,20148627.0,누구에게나 찬란한,9.80,35
1924,20149388.0,사막에서 연어낚시,8.96,124
1925,20142182.0,빌리 엘리어트 뮤지컬 라이브,9.85,41
1926,20149494.0,비포 : 치즈와 초콜릿을 찾아서,9.33,3
1927,20147557.0,이디야와 얼음왕국의 전설,6.11,28
1928,20142844.0,본타: 땅콩왕국의 전설,9.21,14
1929,20136865.0,캡틴 하록,8.78,221
1930,20141614.0,더 테너 리리코 스핀토,8.66,131
1931,20148847.0,밀리언 웨이즈,8.98,54
1932,20136935.0,위험한 패밀리,8.64,251
1933,20142741.0,혼스,8.04,440
1934,20148976.0,호비와 쿠우의 어드벤처 : 고래의 노래,8.50,12
1935,20141681.0,엘리아스: 바다의 보물을 찾아라!,9.77,22
1936,20147872.0,프라이버시,8.36,36
1937,20138221.0,산타바바라,8.89,45
1938,20149409.0,오드토머스,7.96,599
1939,20148829.0,가구야공주 이야기,9.44,66
1940,20149307.0,로코왕국의 전설: 엘프킹을 찾아서,9.07,14
1941,20010238.0,메멘토,8.76,44
1942,20020313.0,물랑루즈,8.20,10
1943,20142341.0,웨스턴 리벤지,9.38,61
1944,20149155.0,극장판 날아라! 호빵맨 : 바나나섬을 되찾아줘,9.86,14
1945,20143325.0,토마스와 친구들: 잃어버린 왕관,9.71,17
1946,20147584.0,스턱 인 러브,8.79,77
1947,20136298.0,행복한 사전,9.31,70
1948,20147904.0,"하늘을 나는 강아지, 비포와 친구들",9.57,14
1949,20040763.0,쿼바디스 도미네,6.00,1
1950,20030125.0,봄 여름 가을 겨울 그리고 봄,8.94,17
1951,20130573.0,봄,9.54,68
1952,20010013.0,봄날은 간다,8.43,7
1953,20040651.0,꽃피는 봄이 오면,8.10,10
1954,20157565.0,더 봄버 : 최강폭격부대,8.67,3
1955,20141027.0,피노키오의 모험,9.70,10
1956,20143706.0,버진 스노우,9.58,19
1957,20147805.0,런치박스,9.41,70
1958,20140186.0,피막,7.35,240
1959,20147379.0,중2병이라도 사랑이 하고 싶어! 극장판,8.74,345
1960,20147407.0,프로즌 그라운드,8.11,223
1961,20136928.0,그 사람 추기경,9.16,25
1962,20141408.0,황금시대,9.75,20
1963,20136861.0,극장판 베르세르크: 황금 시대편Ⅲ – 강림,9.46,158
1964,20050009.0,몽상가들,7.94,18
1965,20147509.0,세이빙 미스터 뱅크스,9.17,23
1966,20081006.0,시선 1318,9.71,112
1967,20163020.0,시선 사이,8.00,5
1968,20134601.0,디태치먼트,9.18,375
1969,20147616.0,사다코 2,7.21,70
1970,20080333.0,로미오와 줄리엣 결혼하다,10.0,1
1971,20133142.0,르누아르,8.16,32
1972,20147558.0,피쉬와 칩스 극장판,8.50,10
1973,20141609.0,현기증,9.12,84
1974,20136355.0,돈 존,8.10,263
1975,20148681.0,차가운 장미,9.00,10
1976,20141206.0,지미스 홀,10.0,13
1977,20149962.0,곤충왕국 3D,6.33,48
1978,20147690.0,아이스맨,7.76,51
1979,20149952.0,백투더 씨,9.11,19
1980,20147900.0,드래곤 기사단,9.08,151
1981,20149284.0,천번의 굿나잇,9.41,17
1982,20148447.0,일대일,8.80,61
1983,20149313.0,드래프트 데이,9.56,16
1984,20148851.0,암살,8.30,918
1985,20152289.0,암살교실,7.03,175
1986,20148288.0,황제암살단,5.73,31
1987,20149314.0,내부자들,7.76,"1,318"
1988,20150025.0,내부자들: 디 오리지널,0.00,0
1989,20148846.0,사도,8.66,560
1990,20140110.0,킹스맨 : 시크릿 에이전트,9.32,168
1991,20157881.0,미션 임파서블: 로그네이션,9.59,409
1992,20134798.0,연평해전,9.44,"5,284"
1993,20145503.0,검은 사제들,8.47,523
1994,20136068.0,히말라야,8.20,561
1995,20090075.0,"히말라야, 바람이 머무는 곳",9.64,22
1996,20151383.0,마션,9.60,622
1997,20149570.0,조선명탐정 : 사라진 놉의 딸,8.46,314
1998,20144741.0,매드 맥스: 분노의 도로,8.92,257
1999,20152022.0,인턴,9.55,143
2000,20143580.0,분노의 질주: 더 세븐,9.71,733
2001,20141384.0,터미네이터 제니시스,7.33,"1,301"
2002,20148845.0,스물,9.03,818
2003,20119769.0,스물 아홉살,10.0,3
2004,20148855.0,극비수사,8.72,237
2005,20155702.0,앤트맨,8.90,417
2006,20149951.0,빅 히어로,7.76,598
2007,20156557.0,탐정 : 더 비기닝,8.44,395
2008,20145361.0,미니언즈,9.41,201
2009,20149569.0,악의 연대기,8.46,237
2010,20136888.0,강남 1970,9.30,"1,324"
2011,20143572.0,뷰티 인사이드,5.63,"2,680"
2012,20141962.0,이미테이션 게임,8.98,443
2013,20144682.0,샌 안드레아스,8.82,270
2014,20148188.0,쎄시봉,2.95,"7,998"
2015,20157464.0,더 폰,9.25,525
2016,20145141.0,위플래쉬,9.38,832
2017,20145171.0,대호,8.29,558
2018,20122761.0,차이나 블루,9.29,17
2019,20140703.0,장수상회,9.23,860
2020,20142855.0,성난 변호사,7.94,260
2021,20142402.0,간신,8.31,578
2022,20143541.0,박물관이 살아있다 : 비밀의 무덤,9.40,168
2023,20157465.0,그놈이다,9.30,253
2024,20143513.0,미쓰 와이프,8.57,609
2025,20131262.0,허삼관,9.00,790
2026,20148461.0,살인의뢰,8.62,260
2027,20060344.0,아주 특별한 손님,9.58,57
2028,20148844.0,손님,7.00,1
2029,20060025.0,손님은 왕이다,8.50,125
2030,20144683.0,하트 오브 더 씨,8.97,129
2031,20151481.0,헝거게임: 더 파이널,8.66,298
2032,20060224.0,신데렐라,9.00,2
2033,20158241.0,픽셀,8.99,236
2034,20156748.0,열정같은소리하고있네,9.25,444
2035,20145504.0,특종: 량첸살인기,8.48,278
2036,20140193.0,서부전선,8.12,"1,104"
2037,20156402.0,채피,8.85,258
2038,20150501.0,극장판 요괴워치: 탄생의 비밀이다냥!,9.65,175
2039,20148841.0,헬머니,7.82,270
2040,20144322.0,도라에몽 : 스탠 바이 미,9.40,202
2041,20151964.0,명탐정 코난 : 화염의 해바라기,9.65,366
2042,20100981.0,살인의 강,9.41,138
2043,20143511.0,오피스,8.20,259
2044,20155275.0,맛있는 정사: 오피스 와이프,3.71,14
2045,20130021.0,"협녀, 칼의 기억",6.54,"1,249"
2046,20130566.0,무뢰한,9.54,203
2047,20157531.0,판타스틱 4,8.06,"1,504"
2048,20050145.0,판타스틱4,8.45,199
2049,20156807.0,뽀로로 극장판 컴퓨터 왕국 대모험,9.76,161
2050,20148553.0,내 심장을 쏴라,9.16,421
2051,20136057.0,소수의견,6.95,"1,147"
2052,20147613.0,그레이의 50가지 그림자,8.26,334
2053,20163321.0,미스터 홈즈,7.14,111
2054,20150470.0,라스트 홈,9.09,54
2055,20155826.0,치외법권,8.39,284
2056,20143754.0,아메리칸 스나이퍼,9.15,101
2057,20151421.0,에베레스트,9.09,105
2058,20149401.0,스폰지밥 3D,9.47,182
2059,20157501.0,극적인 하룻밤,8.62,96
2060,20151815.0,뮨: 달의 요정,9.66,185
2061,20140144.0,도리화가,7.82,988
2062,20149037.0,주피터 어센딩,8.32,170
2063,20144523.0,패딩턴,9.52,284
2064,20155881.0,오즈의 마법사: 돌아온 도로시,8.85,41
2065,20157041.0,런 올 나이트,9.06,129
2066,20100211.0,다이노 타임,9.42,96
2067,20144461.0,인서전트,8.90,237
2068,20156161.0,백 투 더 비기닝,7.99,138
2069,20159748.0,투모로우랜드,8.98,136
2070,20143510.0,함정,8.10,309
2071,20149948.0,언브로큰,9.66,178
2072,20141602.0,소셜포비아,9.40,86
2073,20155101.0,하늘을 걷는 남자,9.30,99
2074,20142962.0,극장판 포켓몬스터 XY : 파괴의 포켓몬과 디안시,9.43,279
2075,20144442.0,조선마술사,7.79,409
2076,20157175.0,괴물의 아이,9.63,131
2077,20158704.0,언프렌디드: 친구삭제,8.48,128
2078,20149062.0,연애의 맛,8.73,98
2079,20153702.0,포켓몬 더 무비 XY 후파: 광륜의 초마신,9.63,156
2080,20144801.0,버드맨,7.99,"2,153"
2081,20144621.0,기생수 파트1,8.07,285
2082,20155277.0,더 셰프,8.96,168
2083,20150562.0,팬,8.80,86
2084,20163661.0,레전드 오브 타잔,8.58,106
2085,20155202.0,레전드,9.47,85
2086,20153037.0,라이즈 오브 더 레전드: 황비홍,7.52,133
2087,20150242.0,드래곤 킹 레전드,8.25,8
2088,20153201.0,트랜스포터: 리퓰드,8.32,545
2089,20020168.0,센과 치히로의 행방불명,8.98,235
2090,20150752.0,스누피: 더 피너츠 무비,9.62,261
2091,20156441.0,최강전사 미니특공대 : 새로운 악당의 습격,9.76,34
2092,20140609.0,아메리칸 셰프,9.20,339
2093,20158461.0,짱구는 못말려 극장판 : 정면승부! 로봇아빠의 역습,9.60,524
2094,20147947.0,워킹걸,3.92,"2,796"
2095,20151002.0,우먼 인 골드,9.39,108
2096,20133682.0,화장,8.32,231
2097,20155260.0,화장실콩쿨,10.0,3
2098,20144102.0,워터 디바이너,9.22,108
2099,20142856.0,나의 절친 악당들,9.04,320
2100,20156970.0,심야식당,8.50,2
2101,20153039.0,러브 라이브! 더 스쿨 아이돌 무비,8.67,398
2102,20155874.0,미라클 벨리에,9.42,127
2103,20158481.0,퇴마: 무녀굴,8.41,188
2104,20143253.0,존 윅,7.76,783
2105,20153470.0,극장판 도라에몽 : 진구의 우주영웅기~스페이스 히어로즈~,9.67,364
2106,20145042.0,스틸 앨리스,8.80,60
2107,20151521.0,셀프/리스,8.34,71
2108,20152745.0,맨 프롬 UNCLE,9.36,143
2109,20157904.0,더 건맨,9.01,72
2110,20155690.0,프리덤,9.36,22
2111,20153083.0,사우스포,9.16,965
2112,20145501.0,돌연변이,8.96,536
2113,20157883.0,극장판 파워레인저 트레인포스 VS 다이노포스 THE MOVIE,9.63,180
2114,20158428.0,빌리와 용감한 녀석들 3,9.24,202
2115,20144021.0,맥베스,0.00,0
2116,20142561.0,7번째 아들,7.57,68
2117,20158062.0,숀더쉽,9.54,166
2118,20153022.0,더 매직: 리틀톰과 도둑공주,9.59,130
2119,20152869.0,갤로우즈,8.93,332
2120,20145085.0,세인트 빈센트,9.28,178
2121,20144507.0,빅 아이즈,8.94,146
2122,20145021.0,와일드,9.06,34
2123,20152801.0,원 와일드 모먼트,7.67,15
2124,20145041.0,더 이퀄라이저,8.22,516
2125,20151782.0,지금은맞고그때는틀리다,8.44,36
2126,20145242.0,모데카이,8.25,106
2127,20150522.0,러덜리스,9.22,40
2128,20141060.0,쓰리 썸머 나잇,7.31,250
2129,20144481.0,타임 패러독스,8.43,607
2130,20156977.0,위자,6.87,106
2131,20030404.0,러브 액츄얼리,9.11,37
2132,20156301.0,다크 플레이스,9.24,83
2133,20157096.0,보루토 - 나루토 더 무비,9.76,231
2134,20158561.0,기생수 파트2,7.81,79
2135,20158670.0,위아영,9.32,94
2136,20156383.0,아더와 미니모이 3: 두 세계의 전쟁,9.28,70
2137,20154621.0,주온: 더 파이널,6.04,110
2138,20156275.0,파더 앤 도터,9.38,914
2139,20156704.0,드래곤 블레이드,7.74,316
2140,20153025.0,대니 콜린스,9.58,78
2141,20145103.0,나이트 크롤러,8.37,338
2142,20150862.0,더 랍스터,9.40,65
2143,20156360.0,개구리왕국,9.17,66
2144,20158885.0,이웃집에 신이 산다,8.31,32
2145,20156241.0,더 라스트: 나루토 더 무비,9.61,305
2146,20155601.0,바다 탐험대 옥토넛 스페셜,9.31,36
2147,20155639.0,더 비지트,7.95,76
2148,20156102.0,바닷마을 다이어리,9.14,173
2149,20149961.0,미안해 사랑해 고마워,8.49,86
2150,20163045.0,미나미 양장점의 비밀,8.31,36
2151,20157197.0,라스트 위치 헌터,9.42,235
2152,20154162.0,스트레이트 아웃 오브 컴턴,9.18,76
2153,20157121.0,송 원,8.33,217
2154,20154729.0,이스케이프,8.75,51
2155,20142884.0,엘리노어 릭비: 그 남자 그 여자,8.92,37
2156,20156570.0,크림슨 피크,9.29,115
2157,20141085.0,한 번 더 해피엔딩,9.35,26
2158,20153282.0,피케이: 별에서 온 얼간이,9.56,227
2159,20156321.0,약장수,8.26,178
2160,20145281.0,코블러,8.56,278
2161,20159223.0,데모닉,6.78,329
2162,20158091.0,유고와 라라: 하늘고래와 구름섬 대모험,9.67,9
2163,20144183.0,"웰컴, 삼바",8.90,40
2164,20060204.0,포켓몬 레인저와 바다의 왕자 마나피,8.31,84
2165,20155562.0,아델라인 : 멈춰진 시간,8.49,47
2166,20143045.0,내일을 위한 시간,9.20,25
2167,20162568.0,신은 죽지 않았다 2,7.97,66
2168,20157782.0,신은 죽지 않았다,6.03,294
2169,20141598.0,타이밍,8.40,169
2170,20050184.0,사랑은 타이밍,10.0,2
2171,20159221.0,정글번치: 너구리 해적단과 보물지도,9.38,45
2172,20155646.0,위아 유어 프렌즈,8.50,119
2173,20156904.0,추억의 마니,9.19,120
2174,20159573.0,령 : 저주받은 사진,8.69,52
2175,20147803.0,한여름의 판타지아,9.12,16
2176,20150255.0,리틀드래곤 코코넛,9.59,103
2177,20157394.0,팔로우,8.66,35
2178,20157021.0,"땡큐, 대디",9.65,118
2179,20157587.0,파울볼,9.36,280
2180,20149264.0,춘희막이,9.09,172
2181,20151623.0,앙: 단팥 인생 이야기,9.23,43
2182,20159001.0,라자루스,8.39,76
2183,20151821.0,러브 앤 머시,8.60,81
2184,20157001.0,트레이서,9.44,63
2185,20144121.0,폭스캐처,8.26,78
2186,20158703.0,트래쉬,0.00,0
2187,20157584.0,윈드랜드,9.32,154
2188,20151482.0,종이 달,9.71,21
2189,20134609.0,세븐 싸이코패스,7.35,160
2190,20155022.0,드래곤볼 Z : 부활의 F,8.81,210
2191,20143942.0,엘리제궁의 요리사,9.33,12
2192,20159442.0,차일드 44,9.52,81
2193,20159063.0,트립 투 이탈리아,7.37,19
2194,20157702.0,스윗 프랑세즈,9.13,167
2195,20151202.0,난 그녀와 키스했다,9.18,11
2196,20155602.0,라이프,9.34,87
2197,20156967.0,투 라이프,9.50,4
2198,20145402.0,옐로우버드,9.31,123
2199,20050265.0,부에나 비스타 소셜 클럽,10.0,1
2200,20156101.0,비비안 마이어를 찾아서,8.30,10
2201,20151302.0,무민 더 무비,9.69,96
2202,20060222.0,천하장사 마돈나,7.87,255
2203,20134064.0,마돈나 : 라이크 어 버진,7.13,30
2204,20152121.0,리그레션,8.94,69
2205,20133681.0,태양을 쏴라,9.04,77
2206,20144323.0,유아 낫 유,9.35,260
2207,20143502.0,어떤살인,8.62,89
2208,20153521.0,이민자,7.86,88
2209,20153522.0,어바웃 리키,9.26,54
2210,20156047.0,나쁜 나라,4.01,"1,879"
2211,20080846.0,인디애니박스:셀마의 단백질 커피,9.15,13
2212,20150061.0,셀마,9.37,76
2213,20158951.0,순교,9.20,41
2214,20090429.0,마터스: 천국을 보는 눈,6.83,19
2215,20140207.0,꼬마 유령,8.00,14
2216,20140190.0,사랑이 이긴다,9.65,49
2217,20158484.0,아스테릭스: 신들의 전당,9.46,85
2218,20159521.0,라이드 : 나에게로의 여행,9.27,45
2219,20157421.0,뷰티풀 라이,9.02,53
2220,20130061.0,뷰티풀 라이즈,9.40,5
2221,20159582.0,엘리펀트 송,8.86,14
2222,20158981.0,하나와 앨리스: 살인사건,9.10,41
2223,20155725.0,리틀 보이,8.80,101
2224,20150661.0,"알로, 슈티",9.22,83
2225,19900118.0,빽 투더 퓨쳐 2,8.70,10
2226,20150963.0,호비와 엄마나무섬의 비밀,9.91,11
2227,20141702.0,위로공단,9.00,18
2228,20159901.0,네이든,9.63,54
2229,20157223.0,해피 홀리데이,9.30,101
2230,20144642.0,미스터 터너,8.62,8
2231,20150563.0,베스트 오브 미,9.00,23
2232,20144927.0,블랙버드,9.44,32
2233,20155057.0,온리 유,8.63,27
2234,20100114.0,P.S 온리 유,0.00,0
2235,20010096.0,피아니스트,8.18,40
2236,20154734.0,피아니스트 세이모어의 뉴욕 소네트,9.44,36
2237,20149298.0,어우동: 주인 없는 꽃,6.07,128
2238,19870114.0,빽 투 더 퓨쳐,9.39,23
2239,20147130.0,타투,8.25,61
2240,20143922.0,결혼하지 않아도 괜찮을까,9.00,26
2241,20157986.0,검은손,8.47,53
2242,20150841.0,카이트,3.80,10
2243,20153982.0,에이미,9.42,117
2244,20151962.0,블러바드,9.77,26
2245,20144522.0,바티칸 뮤지엄,9.00,90
2246,20154207.0,퇴마전: 마령검의 비밀,5.64,104
2247,20143941.0,파리 폴리,8.40,10
2248,20153422.0,제 7기사단,7.79,235
2249,20154323.0,슈퍼레이서 엔지,10.0,14
2250,20158518.0,리틀 포레스트 2: 겨울과 봄,9.29,35
2251,20143983.0,우주로봇 씨어,9.00,37
2252,20142241.0,트라이브,8.62,8
2253,20158881.0,도쿄 트라이브,7.80,30
2254,20142282.0,리바이어던,8.27,26
2255,20151901.0,디올 앤 아이,9.75,4
2256,20156643.0,모스트 바이어런트,8.56,18
2257,20133531.0,"나의 아들, 나의 어머니",9.79,14
2258,20152962.0,나의 어머니,8.79,39
2259,20145507.0,검사외전,8.99,748
2260,20159364.0,캡틴 아메리카: 시빌 워,9.44,"1,149"
2261,20140194.0,곡성,8.81,820
2262,20144444.0,아가씨,7.91,447
2263,20161364.0,귀향,9.68,"1,492"
2264,20153781.0,데드풀,9.25,"1,385"
2265,20150523.0,엑스맨: 아포칼립스,9.08,762
2266,20154001.0,레버넌트: 죽음에서 돌아온 자,8.61,946
2267,20150972.0,굿바이 싱글,9.39,"1,308"
2268,20150782.0,인디펜던스 데이 : 리써전스,9.22,710
2269,20142406.0,탐정 홍길동: 사라진 마을,8.48,345
2270,20159644.0,봉이 김선달,8.82,873
2271,20155422.0,굿 다이노,9.09,191
2272,20157042.0,셜록: 유령신부,9.66,309
2273,20159645.0,특별수사: 사형수의 편지,8.85,374
2274,20159058.0,도리를 찾아서,9.65,264
2275,20142621.0,시간이탈자,8.92,385
2276,20158482.0,동주,9.26,241
2277,20158150.0,워크래프트: 전쟁의 서막,9.22,"1,596"
2278,20158483.0,오빠생각,9.06,684
2279,20152782.0,"날, 보러와요",8.13,119
2280,20163215.0,미 비포 유,9.58,354
2281,20159162.0,갓 오브 이집트,8.24,131
2282,20150977.0,좋아해줘,9.17,365
2283,20151884.0,런던 해즈 폴른,8.32,170
2284,20156207.0,앵그리버드 더 무비,8.81,84
2285,20150203.0,나우 유 씨 미 2,8.80,"1,305"
2286,20068576.0,그날의 분위기,8.32,285
2287,20154906.0,사냥,8.27,398
2288,20080691.0,고래사냥,10.0,4
2289,20158845.0,완벽한 사육: 인간 사냥,0.00,0
2290,20145396.0,널 기다리며,9.37,742
2291,20163018.0,싱 스트리트,9.55,352
2292,20145506.0,해어화,6.08,"2,075"
2293,20156559.0,계춘할망,8.99,466
2294,20157466.0,"로봇, 소리",9.17,832
2295,20159199.0,빅쇼트,8.98,106
2296,20158984.0,헌츠맨: 윈터스 워,8.05,160
2297,20163137.0,나의 소녀시대,9.24,374
2298,20150942.0,캐롤,9.32,74
2299,20150565.0,스포트라이트,9.23,91
2300,20157158.0,구스범스,8.65,773
2301,20153087.0,포인트 브레이크,8.98,225
2302,20162704.0,극장판 안녕 자두야,9.25,32
2303,20151021.0,순정,9.29,"1,102"
2304,20050077.0,댄서의 순정,8.86,487
2305,20161964.0,독수리 에디,9.35,327
2306,20150024.0,짱구는 못말려 극장판: 나의 이사 이야기 선인장 대습격,9.19,230
2307,20159643.0,글로리데이,9.46,938
2308,20161881.0,부활,8.71,51
2309,20060257.0,가문의 부활 - 가문의 영광3,5.21,444
2310,20150181.0,헤라클레스: 전설의 부활,3.29,14
2311,20158529.0,조이,9.38,285
2312,20156553.0,비밀,8.93,72
2313,20162300.0,매직브러시,9.52,224
2314,20150902.0,대배우,9.01,187
2315,20162161.0,미스컨덕트,8.50,229
2316,20161630.0,13시간,8.49,109
2317,20150725.0,극장판 아이엠스타 : 꿈의 오디션!,9.49,317
2318,20161745.0,제 5침공,7.46,192
2319,20155020.0,대니쉬 걸,9.48,110
2320,19990140.0,인생은 아름다워,8.08,169
2321,20159510.0,헤이트풀8,8.84,229
2322,20159657.0,최강전사 미니특공대: 영웅의 탄생,9.66,102
2323,20162542.0,다이노소어 어드벤처 : 백악기 공룡대백과,7.96,27
2324,20162381.0,일사각오,9.85,62
2325,20163202.0,크리미널,8.93,179
2326,20162569.0,오베라는 남자,9.61,207
2327,20163164.0,본 투 비 블루,9.42,106
2328,20156063.0,룸,9.02,178
2329,20090421.0,룸바,9.28,78
2330,20158882.0,유스,8.72,141
2331,20157588.0,청춘의 증언,8.91,89
2332,20162461.0,다이노X 탐험대,8.98,84
2333,20161968.0,오 마이 그랜파,8.86,124
2334,20150903.0,번개맨,8.31,336
2335,20161382.0,레터스 투 갓,9.05,55
2336,20161870.0,트럼보,9.16,352
2337,20161561.0,바다 탐험대 옥토넛 시즌4: 빙하탐험선S,9.00,9
2338,20162925.0,더 보이,0.00,0
2339,20162431.0,극장판 프랭키와 친구들: 생명의 나무,9.63,187
2340,20150456.0,드레스메이커,9.39,75
2341,20152370.0,잡아야 산다,7.84,292
2342,19960126.0,비포 선라이즈,8.93,15
2343,20154521.0,브루클린의 멋진 주말,9.45,49
2344,20162001.0,포레스트: 죽음의 숲,6.52,146
2345,20165042.0,빅뱅 메이드,8.89,302
2346,20161594.0,마음이 외치고 싶어해,9.30,87
2347,20162321.0,트리플 9,9.57,145
2348,20163182.0,하드코어 헨리,8.91,253
2349,20070458.0,냉정과 열정사이,9.00,14
2350,20161583.0,스푹스:MI5,8.12,112
2351,20162245.0,33,8.95,248
2352,20163962.0,잔예 - 살아서는 안되는 방,7.76,177
2353,20163322.0,동급생,9.67,30
2354,20161905.0,나의 그리스식 웨딩 2,9.50,137
2355,20145182.0,4등,9.53,124
2356,19818004.0,불의 전차,7.95,153
2357,20161921.0,"헤일, 시저!",9.00,65
2358,20161842.0,태양 아래,9.50,123
2359,20060244.0,우리들의 행복한 시간,9.49,"1,212"
2360,20123500.0,18: 우리들의 성장 느와르,9.29,38
2361,20142142.0,이별까지 7일,8.66,35
2362,20163411.0,서프러제트,9.32,116
2363,20162063.0,하이-라이즈,9.58,172
2364,20165041.0,나이스 가이즈,9.91,35
2365,20158888.0,45년 후,8.30,60
2366,20161941.0,하이 스피드! –프리! 스타팅 데이즈-,9.84,63
2367,20161722.0,히야,9.88,625
2368,20165141.0,키즈모노가타리 I : 철혈편,9.09,56
2369,20159445.0,세기의 매치,9.21,58
2370,20144441.0,섬. 사라진 사람들,9.39,553
2371,20161461.0,프란치스코,9.00,32
2372,20030010.0,무간도,8.13,15
2373,20040455.0,무간도3 - 종극무간,9.89,9
2374,20158905.0,버스 657,8.01,235
2375,20040703.0,"조제, 호랑이 그리고 물고기들",8.14,73
2376,20163081.0,미라클 프롬 헤븐,9.74,57
2377,20158982.0,트릭,7.91,107
2378,20154201.0,일렉트릭 슬라이드,7.54,13
2379,20164747.0,리틀 폭스,8.93,75
2380,19590006.0,벤허,9.75,17
2381,20152541.0,무수단,7.17,511
2382,20154902.0,자객 섭은낭,7.50,129
2383,20156083.0,트윈스터즈,9.44,16
2384,20156080.0,나쁜놈은 죽는다,6.97,547
2385,20161598.0,산이 울다,9.12,40
2386,20164387.0,미스터 라잇,9.12,25
2387,20159965.0,겁쟁이 페달: 더 무비,9.45,49
2388,20155174.0,미니 자이언트,9.16,19
2389,20153182.0,썸니아,8.81,21
2390,20157441.0,멜리스,7.62,58
2391,20163441.0,몽키킹2: 서유기 여정의 시작,7.29,143
2392,20162101.0,최악의 이웃과 사랑에 빠지는 방법,9.14,186
